{
  "__type__": "cc.SpriteFrame",
  "content": {
    "name": "spr13",
    "atlas": "",
    "rect": {
      "x": 40,
      "y": 43,
      "width": 47,
      "height": 43
    },
    "offset": {
      "x": -0.5,
      "y": -0.5
    },
    "originalSize": {
      "width": 128,
      "height": 128
    },
    "rotated": false,
    "capInsets": [
      0,
      0,
      0,
      0
    ],
    "vertices": {
      "rawPosition": [
        -23.5,
        -21.5,
        0,
        23.5,
        -21.5,
        0,
        -23.5,
        21.5,
        0,
        23.5,
        21.5,
        0
      ],
      "indexes": [
        0,
        1,
        2,
        2,
        1,
        3
      ],
      "uv": [
        40,
        85,
        87,
        85,
        40,
        42,
        87,
        42
      ],
      "nuv": [
        0.3125,
        0.328125,
        0.6796875,
        0.328125,
        0.3125,
        0.6640625,
        0.6796875,
        0.6640625
      ],
      "minPos": {
        "x": -23.5,
        "y": -21.5,
        "z": 0
      },
      "maxPos": {
        "x": 23.5,
        "y": 21.5,
        "z": 0
      }
    },
    "texture": "c84a8ce4-23f1-4bf2-9376-46e95ea05c4e@6c48a",
    "packable": true,
    "pixelsToUnit": 100,
    "pivot": {
      "x": 0.5,
      "y": 0.5
    },
    "meshType": 0
  }
}