{
  "__type__": "cc.SpriteFrame",
  "content": {
    "name": "spr31",
    "atlas": "",
    "rect": {
      "x": 7,
      "y": 10,
      "width": 117,
      "height": 117
    },
    "offset": {
      "x": 1.5,
      "y": -4.5
    },
    "originalSize": {
      "width": 128,
      "height": 128
    },
    "rotated": false,
    "capInsets": [
      0,
      0,
      0,
      0
    ],
    "vertices": {
      "rawPosition": [
        -58.5,
        -58.5,
        0,
        58.5,
        -58.5,
        0,
        -58.5,
        58.5,
        0,
        58.5,
        58.5,
        0
      ],
      "indexes": [
        0,
        1,
        2,
        2,
        1,
        3
      ],
      "uv": [
        7,
        118,
        124,
        118,
        7,
        1,
        124,
        1
      ],
      "nuv": [
        0.0546875,
        0.0078125,
        0.96875,
        0.0078125,
        0.0546875,
        0.921875,
        0.96875,
        0.921875
      ],
      "minPos": {
        "x": -58.5,
        "y": -58.5,
        "z": 0
      },
      "maxPos": {
        "x": 58.5,
        "y": 58.5,
        "z": 0
      }
    },
    "texture": "da90b028-3eab-45a1-88e0-a8ba49cb2315@6c48a",
    "packable": true,
    "pixelsToUnit": 100,
    "pivot": {
      "x": 0.5,
      "y": 0.5
    },
    "meshType": 0
  }
}