{
  "__type__": "cc.SpriteFrame",
  "content": {
    "name": "spr22",
    "atlas": "",
    "rect": {
      "x": 23,
      "y": 19,
      "width": 77,
      "height": 89
    },
    "offset": {
      "x": -2.5,
      "y": 0.5
    },
    "originalSize": {
      "width": 128,
      "height": 128
    },
    "rotated": false,
    "capInsets": [
      0,
      0,
      0,
      0
    ],
    "vertices": {
      "rawPosition": [
        -38.5,
        -44.5,
        0,
        38.5,
        -44.5,
        0,
        -38.5,
        44.5,
        0,
        38.5,
        44.5,
        0
      ],
      "indexes": [
        0,
        1,
        2,
        2,
        1,
        3
      ],
      "uv": [
        23,
        109,
        100,
        109,
        23,
        20,
        100,
        20
      ],
      "nuv": [
        0.1796875,
        0.15625,
        0.78125,
        0.15625,
        0.1796875,
        0.8515625,
        0.78125,
        0.8515625
      ],
      "minPos": {
        "x": -38.5,
        "y": -44.5,
        "z": 0
      },
      "maxPos": {
        "x": 38.5,
        "y": 44.5,
        "z": 0
      }
    },
    "texture": "b16f0c55-2f4e-43cb-bff0-7545cda477d7@6c48a",
    "packable": true,
    "pixelsToUnit": 100,
    "pivot": {
      "x": 0.5,
      "y": 0.5
    },
    "meshType": 0
  }
}