{
  "__type__": "cc.SpriteFrame",
  "content": {
    "name": "spr19",
    "atlas": "43f0912e-9fb9-4e94-8633-242a28f99281",
    "rect": {
      "x": 256,
      "y": 512,
      "width": 128,
      "height": 128
    },
    "offset": {
      "x": 0,
      "y": 0
    },
    "originalSize": {
      "width": 128,
      "height": 128
    },
    "rotated": false,
    "capInsets": [
      0,
      0,
      0,
      0
    ],
    "vertices": {
      "rawPosition": [],
      "indexes": [],
      "uv": [],
      "nuv": [],
      "minPos": {
        "x": 0,
        "y": 0,
        "z": 0
      },
      "maxPos": {
        "x": 0,
        "y": 0,
        "z": 0
      }
    },
    "texture": "a17894a0-a3aa-40fc-94c3-7065148de3aa@6c48a",
    "packable": true,
    "pixelsToUnit": 100,
    "pivot": {
      "x": 0.5,
      "y": 0.5
    },
    "meshType": 0
  }
}