[1,["9f2QDdIhtPiY8s+6NCQ8g1@f9941","d0MqyYBeFAkIi762QNy1/B@b47c0","6fAc9/gb9Kfr1dCvwZaWSA@b47c0","24pwTaKGdEbY0aXpIMdeCd@f9941","24pwTaKGdEbY0aXpIMdeCd@6c48a","9f2QDdIhtPiY8s+6NCQ8g1@6c48a"],["node","_spriteFrame","_textureSource","_cameraComponent","_barSprite","scene","_parent","_envmapHDR","_envmapLDR"],["cc.ImageAsset",["cc.Node",["_name","_layer","_id","_components","_lpos","_parent","_children","_lrot","_euler"],0,9,5,1,2,5,5],"cc.SpriteFrame","cc.TextureCube",["cc.UITransform",["node","_contentSize","_anchorPoint"],3,1,5,5],["cc.Widget",["_alignFlags","_left","_right","_bottom","node"],-1,1],["cc.Sprite",["_type","_sizeMode","node","_spriteFrame"],1,1,6],["cc.Camera",["_clearFlags","_visibility","_projection","_priority","_orthoHeight","_far","node","_color"],-3,1,5],["cc.SceneAsset",["_name"],2],["cc.Node",["_name","_layer","_parent","_components","_lpos"],1,1,12,5],["cc.Node",["_name","_parent","_components","_lpos"],2,1,2,5],["cc.Canvas",["node","_cameraComponent"],3,1,1],["4f39fXLzRNBYoFTisV1zQsl",["node"],3,1],["cc.ProgressBar",["_totalLength","_progress","node","_barSprite"],1,1,1],["cc.Scene",["_name","_children","_globals"],2,2,4],["cc.SceneGlobals",["ambient","shadows","_skybox","fog","octree","lightProbeInfo"],3,4,4,4,4,4,4],["cc.AmbientInfo",["_skyIllumLDR","_skyColorHDR","_skyColorLDR","_groundAlbedoLDR"],2,5,5,5],["cc.ShadowsInfo",["_shadowColor"],3,5],["cc.SkyboxInfo",["_enabled","_envmapHDR","_envmapLDR"],2,6,6],["cc.FogInfo",[],3],["cc.OctreeInfo",[],3],["cc.LightProbeInfo",[],3],["cc.Label",["_string","_actualFontSize","_fontSize","node"],0,1],["cc.DirectionalLight",["node","_color","_staticSettings"],3,1,5,4],["cc.StaticLightSettings",[],3]],[[4,0,1,1],[5,0,3,4,3],[8,0,2],[1,0,1,2,6,3,4,4],[1,0,1,5,6,3,4,3],[1,0,1,5,3,4,3],[1,0,2,5,3,7,8,3],[1,0,2,5,3,4,7,8,3],[9,0,1,2,3,4,3],[10,0,1,2,3,2],[4,0,1,2,1],[11,0,1,1],[5,0,1,2,4,4],[12,0,1],[6,0,1,2,3,3],[6,0,1,2,3],[13,0,1,2,3,3],[14,0,1,2,2],[15,0,1,2,3,4,5,1],[16,0,1,2,3,2],[17,0,1],[18,0,1,2,2],[19,1],[20,1],[21,1],[22,0,1,2,3,4],[23,0,1,2,1],[24,1],[7,0,1,6,3],[7,2,3,4,5,0,1,6,7,7]],[[[[2,"Loading"],[3,"Canvas",33554432,"d9UYTci6ZGNqPIAwumOJWc",[-6,-7,-8],[[0,-1,[5,750,1334]],[11,-3,-2],[12,45,-5.684341886080802e-14,-5.684341886080802e-14,-4],[13,-5]],[1,374.99999999999994,667,0]],[4,"ProgressBar",33554432,1,[-14],[[0,-9,[5,300,15]],[14,1,0,-10,0],[16,300,0.5,-12,-11],[1,4,190.60000000000002,-13]],[1,0,-468.9,0]],[17,"Loading",[-15,-16,1],[18,[19,0.8,[2,0.2,0.5,0.8,0.520833125],[2,0.452588,0.607642,0.755699,0],[2,0.618555,0.577848,0.544564,0]],[20,[4,4283190348]],[21,true,1,2],[22],[23],[24]]],[5,"Label",33554432,1,[[0,-17,[5,87.85,50.4]],[25,"Loading...",20,20,-18],[1,4,105.79999999999995,-19]],[1,0,-536,0]],[8,"Bar",33554432,2,[[[10,-20,[5,150,15],[0,0,0.5]],-21],4,1],[1,-150,0,0]],[6,"Main Light","c0y6F5f+pAvI805TdmxIjx",3,[[26,-22,[4,4293982975],[27]]],[3,-0.06397656665577071,-0.44608233363525845,-0.8239028751062036,-0.3436591377065261],[1,-117.894,-194.909,38.562]],[7,"Main Camera","c9DMICJLFO5IeO07EPon7U",3,[[28,14,1822425087,-23]],[1,-10,10,10],[3,-0.27781593346944056,-0.36497167621709875,-0.11507512748638377,0.8811195706053617],[1,-35,-45,0]],[9,"Camera",1,[-24],[1,0,0,1000]],[29,0,1073741824,667,2000,6,41943040,8,[4,4278190080]],[15,1,0,5]],0,[0,0,1,0,3,9,0,0,1,0,0,1,0,0,1,0,-1,8,0,-2,2,0,-3,4,0,0,2,0,0,2,0,4,10,0,0,2,0,0,2,0,-1,5,0,-1,6,0,-2,7,0,0,4,0,0,4,0,0,4,0,0,5,0,-2,10,0,0,6,0,0,7,0,-1,9,0,5,3,1,6,3,24],[0,0,0,10],[1,7,8,1],[0,1,2,3]],[[{"name":"default_progressbar","rect":{"x":0,"y":0,"width":30,"height":15},"offset":{"x":0,"y":0},"originalSize":{"width":30,"height":15},"rotated":false,"capInsets":[10,4,10,4],"vertices":{"rawPosition":[-15,-7.5,0,15,-7.5,0,-15,7.5,0,15,7.5,0],"indexes":[0,1,2,2,1,3],"uv":[0,15,30,15,0,0,30,0],"nuv":[0,0,1,0,0,1,1,1],"minPos":{"x":-15,"y":-7.5,"z":0},"maxPos":{"x":15,"y":7.5,"z":0}},"packable":true,"pixelsToUnit":100,"pivot":{"x":0.5,"y":0.5},"meshType":0}],[2],0,[0],[2],[4]],[[{"base":"2,2,0,0,2,0","rgbe":false,"mipmaps":[{"front":"6fAc9/gb9Kfr1dCvwZaWSA@b47c0@e9a6d","back":"6fAc9/gb9Kfr1dCvwZaWSA@b47c0@40c10","left":"6fAc9/gb9Kfr1dCvwZaWSA@b47c0@8fd34","right":"6fAc9/gb9Kfr1dCvwZaWSA@b47c0@74afd","top":"6fAc9/gb9Kfr1dCvwZaWSA@b47c0@bb97f","bottom":"6fAc9/gb9Kfr1dCvwZaWSA@b47c0@7d38f"}]}],[3],0,[],[],[]],[[{"fmt":"0","w":0,"h":0},-1],[0],0,[],[],[]],[[{"fmt":"0","w":0,"h":0},-1],[0],0,[],[],[]],[[{"fmt":"0","w":0,"h":0},-1],[0],0,[],[],[]],[[{"fmt":"0","w":0,"h":0},-1],[0],0,[],[],[]],[[{"fmt":"0","w":0,"h":0},-1],[0],0,[],[],[]],[[{"fmt":"0","w":0,"h":0},-1],[0],0,[],[],[]],[[{"name":"default_progressbar_bg","rect":{"x":0,"y":0,"width":60,"height":15},"offset":{"x":0,"y":0},"originalSize":{"width":60,"height":15},"rotated":false,"capInsets":[10,4,10,4],"vertices":{"rawPosition":[-30,-7.5,0,30,-7.5,0,-30,7.5,0,30,7.5,0],"indexes":[0,1,2,2,1,3],"uv":[0,15,60,15,0,0,60,0],"nuv":[0,0,1,0,0,1,1,1],"minPos":{"x":-30,"y":-7.5,"z":0},"maxPos":{"x":30,"y":7.5,"z":0}},"packable":true,"pixelsToUnit":100,"pivot":{"x":0.5,"y":0.5},"meshType":0}],[2],0,[0],[2],[5]],[[{"base":"2,2,0,0,2,0","rgbe":true,"mipmaps":[{"front":"d0MqyYBeFAkIi762QNy1/B@b47c0@e9a6d","back":"d0MqyYBeFAkIi762QNy1/B@b47c0@40c10","left":"d0MqyYBeFAkIi762QNy1/B@b47c0@8fd34","right":"d0MqyYBeFAkIi762QNy1/B@b47c0@74afd","top":"d0MqyYBeFAkIi762QNy1/B@b47c0@bb97f","bottom":"d0MqyYBeFAkIi762QNy1/B@b47c0@7d38f"}]}],[3],0,[],[],[]],[[{"fmt":"0","w":0,"h":0},-1],[0],0,[],[],[]],[[{"fmt":"0","w":0,"h":0},-1],[0],0,[],[],[]],[[{"fmt":"0","w":0,"h":0},-1],[0],0,[],[],[]],[[{"fmt":"0","w":0,"h":0},-1],[0],0,[],[],[]],[[{"fmt":"0","w":0,"h":0},-1],[0],0,[],[],[]],[[{"fmt":"0","w":0,"h":0},-1],[0],0,[],[],[]]]]
