{
  "__type__": "cc.SpriteFrame",
  "content": {
    "name": "spr3",
    "atlas": "",
    "rect": {
      "x": 8,
      "y": 12,
      "width": 113,
      "height": 112
    },
    "offset": {
      "x": 0.5,
      "y": -4
    },
    "originalSize": {
      "width": 128,
      "height": 128
    },
    "rotated": false,
    "capInsets": [
      0,
      0,
      0,
      0
    ],
    "vertices": {
      "rawPosition": [
        -56.5,
        -56,
        0,
        56.5,
        -56,
        0,
        -56.5,
        56,
        0,
        56.5,
        56,
        0
      ],
      "indexes": [
        0,
        1,
        2,
        2,
        1,
        3
      ],
      "uv": [
        8,
        116,
        121,
        116,
        8,
        4,
        121,
        4
      ],
      "nuv": [
        0.0625,
        0.03125,
        0.9453125,
        0.03125,
        0.0625,
        0.90625,
        0.9453125,
        0.90625
      ],
      "minPos": {
        "x": -56.5,
        "y": -56,
        "z": 0
      },
      "maxPos": {
        "x": 56.5,
        "y": 56,
        "z": 0
      }
    },
    "texture": "059e3300-dd41-4fea-ab21-c7e193460442@6c48a",
    "packable": true,
    "pixelsToUnit": 100,
    "pivot": {
      "x": 0.5,
      "y": 0.5
    },
    "meshType": 0
  }
}