[1,["20g1ukYUVPvKWKBRznAKo+@f9941","20g1ukYUVPvKWKBRznAKo+@6c48a","54TknWPwVPqJqeCR+Y/Czo@6c48a","95EkngnxZFbYuFpsqVTaFr@6c48a","54TknWPwVPqJqeCR+Y/Czo@f9941","95EkngnxZFbYuFpsqVTaFr@f9941","d0MqyYBeFAkIi762QNy1/B@b47c0","6fAc9/gb9Kfr1dCvwZaWSA@b47c0"],["node","_textureSource","_cameraComponent","_target","scene","_parent","_spriteFrame","_normalSprite","_hoverSprite","_pressedSprite","_disabledSprite","_envmapHDR","_envmapLDR"],["cc.ImageAsset",["cc.Node",["_name","_layer","_id","_objFlags","_components","_parent","_lpos","_children","_lrot","_euler"],-1,9,1,5,2,5,5],"cc.SpriteFrame","cc.TextureCube",["cc.Label",["_string","_actualFontSize","_fontSize","_overflow","_enableWrapText","node","_color"],-2,1,5],["cc.Camera",["_clearFlags","_visibility","_projection","_priority","_orthoHeight","_far","node","_color"],-3,1,5],["cc.SceneAsset",["_name"],2],["cc.Node",["_name","_parent","_components","_lpos"],2,1,2,5],["cc.UITransform",["node","_contentSize"],3,1,5],["cc.Canvas",["node","_cameraComponent"],3,1,1],["cc.Widget",["_alignFlags","_left","_right","_top","_bottom","node"],-2,1],["86011x8/TBOmqdD4osMlsPx",["node"],3,1],["cc.Sprite",["_type","_sizeMode","node","_spriteFrame"],1,1,6],["cc.Button",["_transition","node","clickEvents","_normalColor","_target","_normalSprite","_hoverSprite","_pressedSprite","_disabledSprite"],2,1,9,5,1,6,6,6,6],["cc.ClickEvent",["_componentId","handler","target"],1,1],["cc.Scene",["_name","_children","_globals"],2,2,4],["cc.SceneGlobals",["ambient","shadows","_skybox","fog","octree","lightProbeInfo"],3,4,4,4,4,4,4],["cc.AmbientInfo",["_skyIllumLDR","_skyColorHDR","_skyColorLDR","_groundAlbedoLDR"],2,5,5,5],["cc.ShadowsInfo",["_shadowColor"],3,5],["cc.SkyboxInfo",["_enabled","_envmapHDR","_envmapLDR"],2,6,6],["cc.FogInfo",[],3],["cc.OctreeInfo",[],3],["cc.LightProbeInfo",[],3],["cc.DirectionalLight",["node","_color","_staticSettings"],3,1,5,4],["cc.StaticLightSettings",[],3]],[[8,0,1,1],[6,0,2],[1,0,1,2,7,4,6,4],[1,0,1,5,7,4,6,3],[1,0,1,5,4,3],[1,0,3,1,5,4,4],[1,0,2,5,4,8,9,3],[1,0,2,5,4,6,8,9,3],[7,0,1,2,3,2],[9,0,1,1],[10,0,1,2,3,4,5,6],[11,0,1],[12,0,1,2,3,3],[13,0,1,2,3,4,5,6,7,8,2],[14,0,1,2,3],[15,0,1,2,2],[16,0,1,2,3,4,5,1],[17,0,1,2,3,2],[18,0,1],[19,0,1,2,2],[20,1],[21,1],[22,1],[4,0,1,2,5,4],[4,0,1,2,3,4,5,6,6],[23,0,1,2,1],[24,1],[5,0,1,6,3],[5,2,3,4,5,0,1,6,7,7]],[[[{"name":"default_btn_normal","rect":{"x":0,"y":0,"width":40,"height":40},"offset":{"x":0,"y":0},"originalSize":{"width":40,"height":40},"rotated":false,"capInsets":[12,12,12,12],"vertices":{"rawPosition":[-20,-20,0,20,-20,0,-20,20,0,20,20,0],"indexes":[0,1,2,2,1,3],"uv":[0,40,40,40,0,0,40,0],"nuv":[0,0,1,0,0,1,1,1],"minPos":{"x":-20,"y":-20,"z":0},"maxPos":{"x":20,"y":20,"z":0}},"packable":true,"pixelsToUnit":100,"pivot":{"x":0.5,"y":0.5},"meshType":0}],[2],0,[0],[1],[1]],[[{"name":"default_btn_pressed","rect":{"x":0,"y":0,"width":40,"height":40},"offset":{"x":0,"y":0},"originalSize":{"width":40,"height":40},"rotated":false,"capInsets":[12,12,12,12],"vertices":{"rawPosition":[-20,-20,0,20,-20,0,-20,20,0,20,20,0],"indexes":[0,1,2,2,1,3],"uv":[0,40,40,40,0,0,40,0],"nuv":[0,0,1,0,0,1,1,1],"minPos":{"x":-20,"y":-20,"z":0},"maxPos":{"x":20,"y":20,"z":0}},"packable":true,"pixelsToUnit":100,"pivot":{"x":0.5,"y":0.5},"meshType":0}],[2],0,[0],[1],[2]],[[{"base":"2,2,0,0,2,0","rgbe":false,"mipmaps":[{"front":"6fAc9/gb9Kfr1dCvwZaWSA@b47c0@e9a6d","back":"6fAc9/gb9Kfr1dCvwZaWSA@b47c0@40c10","left":"6fAc9/gb9Kfr1dCvwZaWSA@b47c0@8fd34","right":"6fAc9/gb9Kfr1dCvwZaWSA@b47c0@74afd","top":"6fAc9/gb9Kfr1dCvwZaWSA@b47c0@bb97f","bottom":"6fAc9/gb9Kfr1dCvwZaWSA@b47c0@7d38f"}]}],[3],0,[],[],[]],[[{"fmt":"0","w":0,"h":0},-1],[0],0,[],[],[]],[[{"fmt":"0","w":0,"h":0},-1],[0],0,[],[],[]],[[{"fmt":"0","w":0,"h":0},-1],[0],0,[],[],[]],[[{"fmt":"0","w":0,"h":0},-1],[0],0,[],[],[]],[[{"fmt":"0","w":0,"h":0},-1],[0],0,[],[],[]],[[{"fmt":"0","w":0,"h":0},-1],[0],0,[],[],[]],[[{"name":"default_btn_disabled","rect":{"x":0,"y":0,"width":40,"height":40},"offset":{"x":0,"y":0},"originalSize":{"width":40,"height":40},"rotated":false,"capInsets":[12,12,12,12],"vertices":{"rawPosition":[-20,-20,0,20,-20,0,-20,20,0,20,20,0],"indexes":[0,1,2,2,1,3],"uv":[0,40,40,40,0,0,40,0],"nuv":[0,0,1,0,0,1,1,1],"minPos":{"x":-20,"y":-20,"z":0},"maxPos":{"x":20,"y":20,"z":0}},"packable":true,"pixelsToUnit":100,"pivot":{"x":0.5,"y":0.5},"meshType":0}],[2],0,[0],[1],[3]],[[[1,"game3"],[2,"Canvas",33554432,"3eCc/C2HFKdZ/glhMacN2I",[-6,-7,-8],[[0,-1,[5,750,1344]],[9,-3,-2],[10,45,-5.684341886080802e-14,-5.684341886080802e-14,-1.1368683772161603e-13,-1.1368683772161603e-13,-4],[11,-5]],[1,374.99999999999994,671.9999999999999,0]],[3,"Button",33554432,1,[-13],[[0,-9,[5,100,40]],[12,1,0,-10,0],[13,2,-12,[[14,"86011x8/TBOmqdD4osMlsPx","onClickBack",1]],[4,4292269782],-11,1,2,3,4]],[1,0,-90,0]],[15,"game3",[-14,-15,1],[16,[17,0.8,[2,0.2,0.5,0.8,0.520833125],[2,0.452588,0.607642,0.755699,0],[2,0.618555,0.577848,0.544564,0]],[18,[4,4283190348]],[19,true,5,6],[20],[21],[22]]],[4,"Label",33554432,1,[[0,-16,[5,111.14,50.4]],[23,"Game3 游戏",20,20,-17]]],[5,"Label",512,33554432,2,[[0,-18,[5,100,40]],[24," 返回",20,20,1,false,-19,[4,4278190080]]]],[6,"Main Light","c0y6F5f+pAvI805TdmxIjx",3,[[25,-20,[4,4293982975],[26]]],[3,-0.06397656665577071,-0.44608233363525845,-0.8239028751062036,-0.3436591377065261],[1,-117.894,-194.909,38.562]],[7,"Main Camera","c9DMICJLFO5IeO07EPon7U",3,[[27,14,1822425087,-21]],[1,-10,10,10],[3,-0.27781593346944056,-0.36497167621709875,-0.11507512748638377,0.8811195706053617],[1,-35,-45,0]],[8,"Camera",1,[-22],[1,0,0,1000]],[28,0,1073741824,671.9999999999999,2000,6,41943040,8,[4,4278190080]]],0,[0,0,1,0,2,9,0,0,1,0,0,1,0,0,1,0,-1,8,0,-2,4,0,-3,2,0,0,2,0,0,2,0,3,2,0,0,2,0,-1,5,0,-1,6,0,-2,7,0,0,4,0,0,4,0,0,5,0,0,5,0,0,6,0,0,7,0,-1,9,0,4,3,1,5,3,22],[0,0,0,0,0,0,0],[6,7,8,9,10,11,12],[0,0,0,4,5,6,7]],[[{"base":"2,2,0,0,2,0","rgbe":true,"mipmaps":[{"front":"d0MqyYBeFAkIi762QNy1/B@b47c0@e9a6d","back":"d0MqyYBeFAkIi762QNy1/B@b47c0@40c10","left":"d0MqyYBeFAkIi762QNy1/B@b47c0@8fd34","right":"d0MqyYBeFAkIi762QNy1/B@b47c0@74afd","top":"d0MqyYBeFAkIi762QNy1/B@b47c0@bb97f","bottom":"d0MqyYBeFAkIi762QNy1/B@b47c0@7d38f"}]}],[3],0,[],[],[]],[[{"fmt":"0","w":0,"h":0},-1],[0],0,[],[],[]],[[{"fmt":"0","w":0,"h":0},-1],[0],0,[],[],[]],[[{"fmt":"0","w":0,"h":0},-1],[0],0,[],[],[]],[[{"fmt":"0","w":0,"h":0},-1],[0],0,[],[],[]],[[{"fmt":"0","w":0,"h":0},-1],[0],0,[],[],[]],[[{"fmt":"0","w":0,"h":0},-1],[0],0,[],[],[]]]]
