{
  "__type__": "cc.SpriteFrame",
  "content": {
    "name": "spr38",
    "atlas": "",
    "rect": {
      "x": 0,
      "y": 12,
      "width": 106,
      "height": 116
    },
    "offset": {
      "x": -11,
      "y": -6
    },
    "originalSize": {
      "width": 128,
      "height": 128
    },
    "rotated": false,
    "capInsets": [
      0,
      0,
      0,
      0
    ],
    "vertices": {
      "rawPosition": [
        -53,
        -58,
        0,
        53,
        -58,
        0,
        -53,
        58,
        0,
        53,
        58,
        0
      ],
      "indexes": [
        0,
        1,
        2,
        2,
        1,
        3
      ],
      "uv": [
        0,
        116,
        106,
        116,
        0,
        0,
        106,
        0
      ],
      "nuv": [
        0,
        0,
        0.828125,
        0,
        0,
        0.90625,
        0.828125,
        0.90625
      ],
      "minPos": {
        "x": -53,
        "y": -58,
        "z": 0
      },
      "maxPos": {
        "x": 53,
        "y": 58,
        "z": 0
      }
    },
    "texture": "a068f759-72ae-4457-abed-b98449dc4768@6c48a",
    "packable": true,
    "pixelsToUnit": 100,
    "pivot": {
      "x": 0.5,
      "y": 0.5
    },
    "meshType": 0
  }
}