{
  "__type__": "cc.SpriteFrame",
  "content": {
    "name": "spr37",
    "atlas": "",
    "rect": {
      "x": 23,
      "y": 20,
      "width": 76,
      "height": 86
    },
    "offset": {
      "x": -3,
      "y": 1
    },
    "originalSize": {
      "width": 128,
      "height": 128
    },
    "rotated": false,
    "capInsets": [
      0,
      0,
      0,
      0
    ],
    "vertices": {
      "rawPosition": [
        -38,
        -43,
        0,
        38,
        -43,
        0,
        -38,
        43,
        0,
        38,
        43,
        0
      ],
      "indexes": [
        0,
        1,
        2,
        2,
        1,
        3
      ],
      "uv": [
        23,
        108,
        99,
        108,
        23,
        22,
        99,
        22
      ],
      "nuv": [
        0.1796875,
        0.171875,
        0.7734375,
        0.171875,
        0.1796875,
        0.84375,
        0.7734375,
        0.84375
      ],
      "minPos": {
        "x": -38,
        "y": -43,
        "z": 0
      },
      "maxPos": {
        "x": 38,
        "y": 43,
        "z": 0
      }
    },
    "texture": "13f1e9f6-1745-490f-a04b-bc7604576c62@6c48a",
    "packable": true,
    "pixelsToUnit": 100,
    "pivot": {
      "x": 0.5,
      "y": 0.5
    },
    "meshType": 0
  }
}