{
  "__type__": "cc.SpriteFrame",
  "content": {
    "name": "spr18",
    "atlas": "",
    "rect": {
      "x": 37,
      "y": 29,
      "width": 59,
      "height": 69
    },
    "offset": {
      "x": 2.5,
      "y": 0.5
    },
    "originalSize": {
      "width": 128,
      "height": 128
    },
    "rotated": false,
    "capInsets": [
      0,
      0,
      0,
      0
    ],
    "vertices": {
      "rawPosition": [
        -29.5,
        -34.5,
        0,
        29.5,
        -34.5,
        0,
        -29.5,
        34.5,
        0,
        29.5,
        34.5,
        0
      ],
      "indexes": [
        0,
        1,
        2,
        2,
        1,
        3
      ],
      "uv": [
        37,
        99,
        96,
        99,
        37,
        30,
        96,
        30
      ],
      "nuv": [
        0.2890625,
        0.234375,
        0.75,
        0.234375,
        0.2890625,
        0.7734375,
        0.75,
        0.7734375
      ],
      "minPos": {
        "x": -29.5,
        "y": -34.5,
        "z": 0
      },
      "maxPos": {
        "x": 29.5,
        "y": 34.5,
        "z": 0
      }
    },
    "texture": "ecf348b4-426d-49e8-8d5f-588301d7a01b@6c48a",
    "packable": true,
    "pixelsToUnit": 100,
    "pivot": {
      "x": 0.5,
      "y": 0.5
    },
    "meshType": 0
  }
}