{
  "__type__": "cc.SpriteFrame",
  "content": {
    "name": "spr10",
    "atlas": "",
    "rect": {
      "x": 26,
      "y": 28,
      "width": 77,
      "height": 76
    },
    "offset": {
      "x": 0.5,
      "y": -2
    },
    "originalSize": {
      "width": 128,
      "height": 128
    },
    "rotated": false,
    "capInsets": [
      0,
      0,
      0,
      0
    ],
    "vertices": {
      "rawPosition": [
        -38.5,
        -38,
        0,
        38.5,
        -38,
        0,
        -38.5,
        38,
        0,
        38.5,
        38,
        0
      ],
      "indexes": [
        0,
        1,
        2,
        2,
        1,
        3
      ],
      "uv": [
        26,
        100,
        103,
        100,
        26,
        24,
        103,
        24
      ],
      "nuv": [
        0.203125,
        0.1875,
        0.8046875,
        0.1875,
        0.203125,
        0.78125,
        0.8046875,
        0.78125
      ],
      "minPos": {
        "x": -38.5,
        "y": -38,
        "z": 0
      },
      "maxPos": {
        "x": 38.5,
        "y": 38,
        "z": 0
      }
    },
    "texture": "aa78bcb4-46b6-4ba7-ac96-dc17b00e4824@6c48a",
    "packable": true,
    "pixelsToUnit": 100,
    "pivot": {
      "x": 0.5,
      "y": 0.5
    },
    "meshType": 0
  }
}