{
  "__type__": "cc.SpriteFrame",
  "content": {
    "name": "spr16",
    "atlas": "",
    "rect": {
      "x": 35,
      "y": 27,
      "width": 57,
      "height": 73
    },
    "offset": {
      "x": -0.5,
      "y": 0.5
    },
    "originalSize": {
      "width": 128,
      "height": 128
    },
    "rotated": false,
    "capInsets": [
      0,
      0,
      0,
      0
    ],
    "vertices": {
      "rawPosition": [
        -28.5,
        -36.5,
        0,
        28.5,
        -36.5,
        0,
        -28.5,
        36.5,
        0,
        28.5,
        36.5,
        0
      ],
      "indexes": [
        0,
        1,
        2,
        2,
        1,
        3
      ],
      "uv": [
        35,
        101,
        92,
        101,
        35,
        28,
        92,
        28
      ],
      "nuv": [
        0.2734375,
        0.21875,
        0.71875,
        0.21875,
        0.2734375,
        0.7890625,
        0.71875,
        0.7890625
      ],
      "minPos": {
        "x": -28.5,
        "y": -36.5,
        "z": 0
      },
      "maxPos": {
        "x": 28.5,
        "y": 36.5,
        "z": 0
      }
    },
    "texture": "036d450c-bbd4-4297-9c91-6e74b9744b7c@6c48a",
    "packable": true,
    "pixelsToUnit": 100,
    "pivot": {
      "x": 0.5,
      "y": 0.5
    },
    "meshType": 0
  }
}