{
  "__type__": "cc.SpriteFrame",
  "content": {
    "name": "spr27",
    "atlas": "",
    "rect": {
      "x": 24,
      "y": 21,
      "width": 76,
      "height": 91
    },
    "offset": {
      "x": -2,
      "y": -2.5
    },
    "originalSize": {
      "width": 128,
      "height": 128
    },
    "rotated": false,
    "capInsets": [
      0,
      0,
      0,
      0
    ],
    "vertices": {
      "rawPosition": [
        -38,
        -45.5,
        0,
        38,
        -45.5,
        0,
        -38,
        45.5,
        0,
        38,
        45.5,
        0
      ],
      "indexes": [
        0,
        1,
        2,
        2,
        1,
        3
      ],
      "uv": [
        24,
        107,
        100,
        107,
        24,
        16,
        100,
        16
      ],
      "nuv": [
        0.1875,
        0.125,
        0.78125,
        0.125,
        0.1875,
        0.8359375,
        0.78125,
        0.8359375
      ],
      "minPos": {
        "x": -38,
        "y": -45.5,
        "z": 0
      },
      "maxPos": {
        "x": 38,
        "y": 45.5,
        "z": 0
      }
    },
    "texture": "bd67f7b3-0559-422a-b600-74a0169f88a2@6c48a",
    "packable": true,
    "pixelsToUnit": 100,
    "pivot": {
      "x": 0.5,
      "y": 0.5
    },
    "meshType": 0
  }
}