{
  "__type__": "cc.SpriteFrame",
  "content": {
    "name": "spr41",
    "atlas": "",
    "rect": {
      "x": 0,
      "y": 8,
      "width": 107,
      "height": 114
    },
    "offset": {
      "x": -10.5,
      "y": -1
    },
    "originalSize": {
      "width": 128,
      "height": 128
    },
    "rotated": false,
    "capInsets": [
      0,
      0,
      0,
      0
    ],
    "vertices": {
      "rawPosition": [
        -53.5,
        -57,
        0,
        53.5,
        -57,
        0,
        -53.5,
        57,
        0,
        53.5,
        57,
        0
      ],
      "indexes": [
        0,
        1,
        2,
        2,
        1,
        3
      ],
      "uv": [
        0,
        120,
        107,
        120,
        0,
        6,
        107,
        6
      ],
      "nuv": [
        0,
        0.046875,
        0.8359375,
        0.046875,
        0,
        0.9375,
        0.8359375,
        0.9375
      ],
      "minPos": {
        "x": -53.5,
        "y": -57,
        "z": 0
      },
      "maxPos": {
        "x": 53.5,
        "y": 57,
        "z": 0
      }
    },
    "texture": "5705c36f-d06c-4c73-9d77-0859b218d1c0@6c48a",
    "packable": true,
    "pixelsToUnit": 100,
    "pivot": {
      "x": 0.5,
      "y": 0.5
    },
    "meshType": 0
  }
}