{
  "__type__": "cc.SpriteFrame",
  "content": {
    "name": "spr34",
    "atlas": "",
    "rect": {
      "x": 39,
      "y": 21,
      "width": 50,
      "height": 81
    },
    "offset": {
      "x": 0,
      "y": 2.5
    },
    "originalSize": {
      "width": 128,
      "height": 128
    },
    "rotated": false,
    "capInsets": [
      0,
      0,
      0,
      0
    ],
    "vertices": {
      "rawPosition": [
        -25,
        -40.5,
        0,
        25,
        -40.5,
        0,
        -25,
        40.5,
        0,
        25,
        40.5,
        0
      ],
      "indexes": [
        0,
        1,
        2,
        2,
        1,
        3
      ],
      "uv": [
        39,
        107,
        89,
        107,
        39,
        26,
        89,
        26
      ],
      "nuv": [
        0.3046875,
        0.203125,
        0.6953125,
        0.203125,
        0.3046875,
        0.8359375,
        0.6953125,
        0.8359375
      ],
      "minPos": {
        "x": -25,
        "y": -40.5,
        "z": 0
      },
      "maxPos": {
        "x": 25,
        "y": 40.5,
        "z": 0
      }
    },
    "texture": "fe84674f-a686-4133-b3ff-1dc6e8c5afe6@6c48a",
    "packable": true,
    "pixelsToUnit": 100,
    "pivot": {
      "x": 0.5,
      "y": 0.5
    },
    "meshType": 0
  }
}