{
  "__type__": "cc.SpriteFrame",
  "content": {
    "name": "b_Forward2",
    "atlas": "",
    "rect": {
      "x": 0,
      "y": 0,
      "width": 141,
      "height": 137
    },
    "offset": {
      "x": 0,
      "y": 0
    },
    "originalSize": {
      "width": 141,
      "height": 137
    },
    "rotated": false,
    "capInsets": [
      0,
      0,
      0,
      0
    ],
    "vertices": {
      "rawPosition": [
        -70.5,
        -68.5,
        0,
        70.5,
        -68.5,
        0,
        -70.5,
        68.5,
        0,
        70.5,
        68.5,
        0
      ],
      "indexes": [
        0,
        1,
        2,
        2,
        1,
        3
      ],
      "uv": [
        0,
        137,
        141,
        137,
        0,
        0,
        141,
        0
      ],
      "nuv": [
        0,
        0,
        1,
        0,
        0,
        1,
        1,
        1
      ],
      "minPos": {
        "x": -70.5,
        "y": -68.5,
        "z": 0
      },
      "maxPos": {
        "x": 70.5,
        "y": 68.5,
        "z": 0
      }
    },
    "texture": "2d0ee739-9eac-41be-a75b-f159af713d04@6c48a",
    "packable": true,
    "pixelsToUnit": 100,
    "pivot": {
      "x": 0.5,
      "y": 0.5
    },
    "meshType": 0
  }
}