{
  "__type__": "cc.SpriteFrame",
  "content": {
    "name": "spr17",
    "atlas": "",
    "rect": {
      "x": 31,
      "y": 22,
      "width": 69,
      "height": 86
    },
    "offset": {
      "x": 1.5,
      "y": -1
    },
    "originalSize": {
      "width": 128,
      "height": 128
    },
    "rotated": false,
    "capInsets": [
      0,
      0,
      0,
      0
    ],
    "vertices": {
      "rawPosition": [
        -34.5,
        -43,
        0,
        34.5,
        -43,
        0,
        -34.5,
        43,
        0,
        34.5,
        43,
        0
      ],
      "indexes": [
        0,
        1,
        2,
        2,
        1,
        3
      ],
      "uv": [
        31,
        106,
        100,
        106,
        31,
        20,
        100,
        20
      ],
      "nuv": [
        0.2421875,
        0.15625,
        0.78125,
        0.15625,
        0.2421875,
        0.828125,
        0.78125,
        0.828125
      ],
      "minPos": {
        "x": -34.5,
        "y": -43,
        "z": 0
      },
      "maxPos": {
        "x": 34.5,
        "y": 43,
        "z": 0
      }
    },
    "texture": "4a1c6a40-741e-4a6b-88a5-3a93bc71b3c2@6c48a",
    "packable": true,
    "pixelsToUnit": 100,
    "pivot": {
      "x": 0.5,
      "y": 0.5
    },
    "meshType": 0
  }
}