{
  "__type__": "cc.SpriteFrame",
  "content": {
    "name": "spr14",
    "atlas": "",
    "rect": {
      "x": 15,
      "y": 5,
      "width": 99,
      "height": 107
    },
    "offset": {
      "x": 0.5,
      "y": 5.5
    },
    "originalSize": {
      "width": 128,
      "height": 128
    },
    "rotated": false,
    "capInsets": [
      0,
      0,
      0,
      0
    ],
    "vertices": {
      "rawPosition": [
        -49.5,
        -53.5,
        0,
        49.5,
        -53.5,
        0,
        -49.5,
        53.5,
        0,
        49.5,
        53.5,
        0
      ],
      "indexes": [
        0,
        1,
        2,
        2,
        1,
        3
      ],
      "uv": [
        15,
        123,
        114,
        123,
        15,
        16,
        114,
        16
      ],
      "nuv": [
        0.1171875,
        0.125,
        0.890625,
        0.125,
        0.1171875,
        0.9609375,
        0.890625,
        0.9609375
      ],
      "minPos": {
        "x": -49.5,
        "y": -53.5,
        "z": 0
      },
      "maxPos": {
        "x": 49.5,
        "y": 53.5,
        "z": 0
      }
    },
    "texture": "4ac9e9ec-ffac-4316-852c-d6b713f7664b@6c48a",
    "packable": true,
    "pixelsToUnit": 100,
    "pivot": {
      "x": 0.5,
      "y": 0.5
    },
    "meshType": 0
  }
}