{
  "__type__": "cc.SpriteFrame",
  "content": {
    "name": "spr30",
    "atlas": "",
    "rect": {
      "x": 0,
      "y": 3,
      "width": 124,
      "height": 119
    },
    "offset": {
      "x": -2,
      "y": 1.5
    },
    "originalSize": {
      "width": 128,
      "height": 128
    },
    "rotated": false,
    "capInsets": [
      0,
      0,
      0,
      0
    ],
    "vertices": {
      "rawPosition": [
        -62,
        -59.5,
        0,
        62,
        -59.5,
        0,
        -62,
        59.5,
        0,
        62,
        59.5,
        0
      ],
      "indexes": [
        0,
        1,
        2,
        2,
        1,
        3
      ],
      "uv": [
        0,
        125,
        124,
        125,
        0,
        6,
        124,
        6
      ],
      "nuv": [
        0,
        0.046875,
        0.96875,
        0.046875,
        0,
        0.9765625,
        0.96875,
        0.9765625
      ],
      "minPos": {
        "x": -62,
        "y": -59.5,
        "z": 0
      },
      "maxPos": {
        "x": 62,
        "y": 59.5,
        "z": 0
      }
    },
    "texture": "4aec72bc-fe58-428e-ac5d-6dd3ce62833c@6c48a",
    "packable": true,
    "pixelsToUnit": 100,
    "pivot": {
      "x": 0.5,
      "y": 0.5
    },
    "meshType": 0
  }
}