{
  "__type__": "cc.SpriteFrame",
  "content": {
    "name": "spr15",
    "atlas": "",
    "rect": {
      "x": 32,
      "y": 36,
      "width": 64,
      "height": 60
    },
    "offset": {
      "x": 0,
      "y": -2
    },
    "originalSize": {
      "width": 128,
      "height": 128
    },
    "rotated": false,
    "capInsets": [
      0,
      0,
      0,
      0
    ],
    "vertices": {
      "rawPosition": [
        -32,
        -30,
        0,
        32,
        -30,
        0,
        -32,
        30,
        0,
        32,
        30,
        0
      ],
      "indexes": [
        0,
        1,
        2,
        2,
        1,
        3
      ],
      "uv": [
        32,
        92,
        96,
        92,
        32,
        32,
        96,
        32
      ],
      "nuv": [
        0.25,
        0.25,
        0.75,
        0.25,
        0.25,
        0.71875,
        0.75,
        0.71875
      ],
      "minPos": {
        "x": -32,
        "y": -30,
        "z": 0
      },
      "maxPos": {
        "x": 32,
        "y": 30,
        "z": 0
      }
    },
    "texture": "9dc093be-894d-410c-9981-e5e210a9e2a0@6c48a",
    "packable": true,
    "pixelsToUnit": 100,
    "pivot": {
      "x": 0.5,
      "y": 0.5
    },
    "meshType": 0
  }
}