{
  "__type__": "cc.SpriteFrame",
  "content": {
    "name": "spr36",
    "atlas": "",
    "rect": {
      "x": 35,
      "y": 18,
      "width": 58,
      "height": 82
    },
    "offset": {
      "x": 0,
      "y": 5
    },
    "originalSize": {
      "width": 128,
      "height": 128
    },
    "rotated": false,
    "capInsets": [
      0,
      0,
      0,
      0
    ],
    "vertices": {
      "rawPosition": [
        -29,
        -41,
        0,
        29,
        -41,
        0,
        -29,
        41,
        0,
        29,
        41,
        0
      ],
      "indexes": [
        0,
        1,
        2,
        2,
        1,
        3
      ],
      "uv": [
        35,
        110,
        93,
        110,
        35,
        28,
        93,
        28
      ],
      "nuv": [
        0.2734375,
        0.21875,
        0.7265625,
        0.21875,
        0.2734375,
        0.859375,
        0.7265625,
        0.859375
      ],
      "minPos": {
        "x": -29,
        "y": -41,
        "z": 0
      },
      "maxPos": {
        "x": 29,
        "y": 41,
        "z": 0
      }
    },
    "texture": "7e9e6a03-d9eb-4628-b979-d55d529796b0@6c48a",
    "packable": true,
    "pixelsToUnit": 100,
    "pivot": {
      "x": 0.5,
      "y": 0.5
    },
    "meshType": 0
  }
}