{
  "1f91e40e-c47f-4606-8bb2-c1e73ab4e368": {
    "url": "db://assets/scene",
    "value": {}
  },
  "17d4a39e-ec61-4691-b6b5-8258d021c884": {
    "url": "db://assets/scripts",
    "value": {}
  },
  "8b66e816-7d57-4501-9622-50054134cb07": {
    "url": "db://assets/resources",
    "value": {}
  },
  "ca74605e-50bf-4d9d-9873-f2fd2f963d40": {
    "url": "db://assets/scene/start.scene",
    "value": {}
  },
  "251062a9-b424-4cbf-828b-29f84d35bb4b": {
    "url": "db://assets/scripts/hotupdate",
    "value": {}
  },
  "3a9ee2a5-eaef-4cd2-a10a-3ba435bc896c": {
    "url": "db://assets/scripts/Start.ts",
    "value": {}
  },
  "0a62c0b0-e07d-4695-a15e-28ad3cf6ca1b": {
    "url": "db://assets/scene/game1.scene",
    "value": {}
  },
  "0103104e-4f63-498a-a788-41b524189e06": {
    "url": "db://assets/resources/manifest",
    "value": {}
  },
  "071262be-24ee-4c36-aa6e-53a4accd9502": {
    "url": "db://assets/resources/manifest/project.manifest",
    "value": {}
  },
  "80f26830-d212-485c-889d-ee323715d7ef": {
    "url": "db://assets/resources/manifest/version.manifest",
    "value": {}
  },
  "495dee31-5f8f-493d-a0af-09c541ae0692": {
    "url": "db://assets/scripts/Game1.ts",
    "value": {}
  },
  "5929f97a-e02a-4396-81c2-cb7dadda83e3": {
    "url": "db://assets/game2",
    "value": {}
  },
  "c1edcc4a-4050-492e-8847-49ef79371190": {
    "url": "db://assets/game2/game2.scene",
    "value": {}
  },
  "0706cb57-07d8-46ed-84ef-eacf008268f1": {
    "url": "db://assets/scene",
    "value": {}
  },
  "93330a6f-48cd-44ae-9de8-a742bd99ba40": {
    "url": "db://assets/resources",
    "value": {}
  },
  "00697222-87b7-4394-968a-9c68ba3ac1d6": {
    "url": "db://assets/scripts",
    "value": {}
  },
  "1012c29e-a3d4-4fda-a380-a2cfc9b88d71": {
    "url": "db://assets/scene/Loading.scene",
    "value": {
      "depends": [
        "1012c29e-a3d4-4fda-a380-a2cfc9b88d71",
        "24a704da-2867-446d-8d1a-5e920c75e09d@f9941",
        "9fd900dd-221b-4f89-8f2c-fba34243c835@f9941",
        "d032ac98-05e1-4090-88bb-eb640dcb5fc1@b47c0",
        "d032ac98-05e1-4090-88bb-eb640dcb5fc1@b47c0",
        "6f01cf7f-81bf-4a7e-bd5d-0afc19696480@b47c0"
      ]
    }
  },
  "4f39f5cb-cd13-4162-8153-8ac575cd0b25": {
    "url": "db://assets/scripts/Loading.ts",
    "value": {}
  },
  "f7057165-3080-4946-9f41-6e4e971d14d8": {
    "url": "db://assets/scene/Hall.scene",
    "value": {
      "depends": [
        "f7057165-3080-4946-9f41-6e4e971d14d8",
        "20835ba4-6145-4fbc-a58a-051ce700aa3e@f9941",
        "20835ba4-6145-4fbc-a58a-051ce700aa3e@f9941",
        "20835ba4-6145-4fbc-a58a-051ce700aa3e@f9941",
        "544e49d6-3f05-4fa8-9a9e-091f98fc2ce8@f9941",
        "951249e0-9f16-456d-8b85-a6ca954da16b@f9941",
        "20835ba4-6145-4fbc-a58a-051ce700aa3e@f9941",
        "20835ba4-6145-4fbc-a58a-051ce700aa3e@f9941",
        "20835ba4-6145-4fbc-a58a-051ce700aa3e@f9941",
        "544e49d6-3f05-4fa8-9a9e-091f98fc2ce8@f9941",
        "951249e0-9f16-456d-8b85-a6ca954da16b@f9941",
        "20835ba4-6145-4fbc-a58a-051ce700aa3e@f9941",
        "20835ba4-6145-4fbc-a58a-051ce700aa3e@f9941",
        "20835ba4-6145-4fbc-a58a-051ce700aa3e@f9941",
        "544e49d6-3f05-4fa8-9a9e-091f98fc2ce8@f9941",
        "951249e0-9f16-456d-8b85-a6ca954da16b@f9941",
        "d032ac98-05e1-4090-88bb-eb640dcb5fc1@b47c0",
        "d032ac98-05e1-4090-88bb-eb640dcb5fc1@b47c0",
        "6f01cf7f-81bf-4a7e-bd5d-0afc19696480@b47c0"
      ]
    }
  },
  "9cb55aa0-ff39-4df5-bc02-763079fece74": {
    "url": "db://assets/scripts/HallCtrl.ts",
    "value": {}
  },
  "aff3db01-32c5-4006-a9a9-d119ebdc6100": {
    "url": "db://assets/scripts/hotupdate",
    "value": {}
  },
  "3794176f-6484-4782-9603-15b8841acd57": {
    "url": "db://assets/scripts/hotupdate/HotUpdateCtrl.ts",
    "value": {}
  },
  "6521b671-b011-4442-823f-4863fcc96fdd": {
    "url": "db://assets/scripts/hotupdate/HotUpateData.ts",
    "value": {}
  },
  "40c6de65-dda9-4263-be5b-993f41f31e9a": {
    "url": "db://assets/scripts/hotupdate/HotUpdateEvent.ts",
    "value": {}
  },
  "77068805-ea8f-4d5e-aefd-4119859c0b41": {
    "url": "db://assets/scripts/config",
    "value": {}
  },
  "25c9d877-dfa2-4077-b60a-6be2a9d3589e": {
    "url": "db://assets/scripts/config/GameConst.ts",
    "value": {}
  },
  "d252ac99-5ae2-43ad-83da-f1734e84feff": {
    "url": "db://assets/game1",
    "value": {}
  },
  "34ccbc23-7e7b-4101-bb49-a0e3ed950715": {
    "url": "db://assets/game2",
    "value": {}
  },
  "31d959b2-96e2-4870-bebe-6e4fdc162511": {
    "url": "db://assets/game1/game1.scene",
    "value": {
      "depends": [
        "31d959b2-96e2-4870-bebe-6e4fdc162511",
        "20835ba4-6145-4fbc-a58a-051ce700aa3e@f9941",
        "20835ba4-6145-4fbc-a58a-051ce700aa3e@f9941",
        "20835ba4-6145-4fbc-a58a-051ce700aa3e@f9941",
        "544e49d6-3f05-4fa8-9a9e-091f98fc2ce8@f9941",
        "951249e0-9f16-456d-8b85-a6ca954da16b@f9941",
        "d032ac98-05e1-4090-88bb-eb640dcb5fc1@b47c0",
        "d032ac98-05e1-4090-88bb-eb640dcb5fc1@b47c0",
        "6f01cf7f-81bf-4a7e-bd5d-0afc19696480@b47c0"
      ]
    }
  },
  "da108c63-7cd8-478d-a692-baf19e54abe1": {
    "url": "db://assets/game2/game2.scene",
    "value": {
      "depends": [
        "da108c63-7cd8-478d-a692-baf19e54abe1",
        "20835ba4-6145-4fbc-a58a-051ce700aa3e@f9941",
        "20835ba4-6145-4fbc-a58a-051ce700aa3e@f9941",
        "20835ba4-6145-4fbc-a58a-051ce700aa3e@f9941",
        "544e49d6-3f05-4fa8-9a9e-091f98fc2ce8@f9941",
        "951249e0-9f16-456d-8b85-a6ca954da16b@f9941",
        "d032ac98-05e1-4090-88bb-eb640dcb5fc1@b47c0",
        "d032ac98-05e1-4090-88bb-eb640dcb5fc1@b47c0",
        "6f01cf7f-81bf-4a7e-bd5d-0afc19696480@b47c0"
      ]
    }
  },
  "03ce7929-73da-4752-ac51-4af24c350a25": {
    "url": "db://assets/resources/manifest",
    "value": {}
  },
  "23a7ef9e-61c3-4617-b743-8a9a66a1524e": {
    "url": "db://assets/resources/manifest/main",
    "value": {}
  },
  "f2baeb08-6acb-42b2-9997-a3efc7f5f7c9": {
    "url": "db://assets/resources/manifest/main/project.manifest",
    "value": {
      "depends": []
    }
  },
  "699b9569-60ff-48f0-a034-b5f41e7ae635": {
    "url": "db://assets/resources/manifest/main/version.manifest",
    "value": {
      "depends": []
    }
  },
  "c6b779f2-2f90-4bff-980f-fdb8b19849c3": {
    "url": "db://assets/resources/manifest/project.manifest",
    "value": {}
  },
  "3b874c19-e58b-4db0-a344-aae0d5ab927d": {
    "url": "db://assets/resources/manifest/version.manifest",
    "value": {}
  },
  "02b318f0-e6a6-4835-9115-51edb6e8ed11": {
    "url": "db://assets/game1/Game1.ts",
    "value": {}
  },
  "ad2dff62-85ea-48ca-a82f-9a3b1cfa528b": {
    "url": "db://assets/game2/Game2.ts",
    "value": {}
  }
}
