{
  "/Users/denghong/Documents/cocos/HotFramework/assets/scene.meta": {
    "time": 1683456883562.9768
  },
  "/Users/denghong/Documents/cocos/HotFramework/assets/scene": {
    "time": 1683457077498.9565,
    "uuid": "0706cb57-07d8-46ed-84ef-eacf008268f1",
    "missing": false
  },
  "/Users/denghong/Documents/cocos/HotFramework/assets/resources.meta": {
    "time": 1683456890595.5066
  },
  "/Users/denghong/Documents/cocos/HotFramework/assets/resources": {
    "time": 1683849041808.0283,
    "uuid": "93330a6f-48cd-44ae-9de8-a742bd99ba40",
    "missing": false
  },
  "/Users/denghong/Documents/cocos/HotFramework/assets/scripts.meta": {
    "time": 1683456904915.3855
  },
  "/Users/denghong/Documents/cocos/HotFramework/assets/scripts": {
    "time": 1683458313084.005,
    "uuid": "00697222-87b7-4394-968a-9c68ba3ac1d6",
    "missing": false
  },
  "/Users/denghong/Documents/cocos/HotFramework/assets/scene/Loading.scene.meta": {
    "time": 1683456927111.661
  },
  "/Users/denghong/Documents/cocos/HotFramework/assets/scene/Loading.scene": {
    "time": 1683457053023.288,
    "uuid": "1012c29e-a3d4-4fda-a380-a2cfc9b88d71",
    "missing": false
  },
  "/Users/denghong/Documents/cocos/HotFramework/assets/scripts/Loading.ts.meta": {
    "time": 1683457034600.381
  },
  "/Users/denghong/Documents/cocos/HotFramework/assets/scripts/Loading.ts": {
    "time": 1683459062631.6013,
    "uuid": "4f39f5cb-cd13-4162-8153-8ac575cd0b25",
    "missing": false
  },
  "/Users/denghong/Documents/cocos/HotFramework/assets/scene/Hall.scene.meta": {
    "time": 1683457077501.8193
  },
  "/Users/denghong/Documents/cocos/HotFramework/assets/scene/Hall.scene": {
    "time": 1683855804730.2546,
    "uuid": "f7057165-3080-4946-9f41-6e4e971d14d8",
    "missing": false
  },
  "/Users/denghong/Documents/cocos/HotFramework/assets/scripts/HallCtrl.ts.meta": {
    "time": 1683457207935.1428
  },
  "/Users/denghong/Documents/cocos/HotFramework/assets/scripts/HallCtrl.ts": {
    "time": 1683852018419.289,
    "uuid": "9cb55aa0-ff39-4df5-bc02-763079fece74",
    "missing": false
  },
  "/Users/denghong/Documents/cocos/HotFramework/assets/scripts/hotupdate.meta": {
    "time": 1683457224904.6077
  },
  "/Users/denghong/Documents/cocos/HotFramework/assets/scripts/hotupdate": {
    "time": 1683457650981.8862,
    "uuid": "aff3db01-32c5-4006-a9a9-d119ebdc6100",
    "missing": false
  },
  "/Users/denghong/Documents/cocos/HotFramework/assets/scripts/hotupdate/HotUpdateCtrl.ts.meta": {
    "time": 1683457288445.6023
  },
  "/Users/denghong/Documents/cocos/HotFramework/assets/scripts/hotupdate/HotUpdateCtrl.ts": {
    "time": 1683457823176.7876,
    "uuid": "3794176f-6484-4782-9603-15b8841acd57",
    "missing": false
  },
  "/Users/denghong/Documents/cocos/HotFramework/assets/scripts/hotupdate/HotUpateData.ts.meta": {
    "time": 1683457650983.256
  },
  "/Users/denghong/Documents/cocos/HotFramework/assets/scripts/hotupdate/HotUpdateEvent.ts.meta": {
    "time": 1683457650983.668
  },
  "/Users/denghong/Documents/cocos/HotFramework/assets/scripts/hotupdate/HotUpateData.ts": {
    "time": 1683457558610.021,
    "uuid": "6521b671-b011-4442-823f-4863fcc96fdd",
    "missing": false
  },
  "/Users/denghong/Documents/cocos/HotFramework/assets/scripts/hotupdate/HotUpdateEvent.ts": {
    "time": 1683457551096.5806,
    "uuid": "40c6de65-dda9-4263-be5b-993f41f31e9a",
    "missing": false
  },
  "/Users/denghong/Documents/cocos/HotFramework/assets/scripts/config.meta": {
    "time": 1683458313085.2202
  },
  "/Users/denghong/Documents/cocos/HotFramework/assets/scripts/config/GameConst.ts.meta": {
    "time": 1683458313086.296
  },
  "/Users/denghong/Documents/cocos/HotFramework/assets/scripts/config": {
    "time": 1683458313084.3972,
    "uuid": "77068805-ea8f-4d5e-aefd-4119859c0b41",
    "missing": false
  },
  "/Users/denghong/Documents/cocos/HotFramework/assets/scripts/config/GameConst.ts": {
    "time": 1683457898833.0088,
    "uuid": "25c9d877-dfa2-4077-b60a-6be2a9d3589e",
    "missing": false
  },
  "/Users/denghong/Documents/cocos/HotFramework/assets/game1.meta": {
    "time": 1683459890168.8718
  },
  "/Users/denghong/Documents/cocos/HotFramework/assets/game1": {
    "time": 1683461492586.857,
    "uuid": "d252ac99-5ae2-43ad-83da-f1734e84feff",
    "missing": false
  },
  "/Users/denghong/Documents/cocos/HotFramework/assets/game2.meta": {
    "time": 1683458481093.1135
  },
  "/Users/denghong/Documents/cocos/HotFramework/assets/game2": {
    "time": 1683461788038.2942,
    "uuid": "34ccbc23-7e7b-4101-bb49-a0e3ed950715",
    "missing": false
  },
  "/Users/denghong/Documents/cocos/HotFramework/assets/game1/game1.scene.meta": {
    "time": 1683458370158.4385
  },
  "/Users/denghong/Documents/cocos/HotFramework/assets/game1/game1.scene": {
    "time": 1683461587767.407,
    "uuid": "31d959b2-96e2-4870-bebe-6e4fdc162511",
    "missing": false
  },
  "/Users/denghong/Documents/cocos/HotFramework/assets/game2/game2.scene.meta": {
    "time": 1683458379366.7305
  },
  "/Users/denghong/Documents/cocos/HotFramework/assets/game2/game2.scene": {
    "time": 1683810565630.533,
    "uuid": "da108c63-7cd8-478d-a692-baf19e54abe1",
    "missing": false
  },
  "/Users/denghong/Documents/cocos/HotFramework/assets/resources/manifest.meta": {
    "time": 1683458928172.6824
  },
  "/Users/denghong/Documents/cocos/HotFramework/assets/resources/manifest/main.meta": {
    "time": 1683458928172.9285
  },
  "/Users/denghong/Documents/cocos/HotFramework/assets/resources/manifest": {
    "time": 1683461004550.7734,
    "uuid": "03ce7929-73da-4752-ac51-4af24c350a25",
    "missing": false
  },
  "/Users/denghong/Documents/cocos/HotFramework/assets/resources/manifest/main": {
    "time": 1683849046315.7256,
    "uuid": "23a7ef9e-61c3-4617-b743-8a9a66a1524e",
    "missing": false
  },
  "/Users/denghong/Documents/cocos/HotFramework/assets/resources/manifest/main/project.manifest.meta": {
    "time": 1683458928387.3047
  },
  "/Users/denghong/Documents/cocos/HotFramework/assets/resources/manifest/main/version.manifest.meta": {
    "time": 1683458928387.811
  },
  "/Users/denghong/Documents/cocos/HotFramework/assets/resources/manifest/main/project.manifest": {
    "time": 1683848934920.8013,
    "uuid": "f2baeb08-6acb-42b2-9997-a3efc7f5f7c9",
    "missing": false
  },
  "/Users/denghong/Documents/cocos/HotFramework/assets/resources/manifest/main/version.manifest": {
    "time": 1683848934921.0312,
    "uuid": "699b9569-60ff-48f0-a034-b5f41e7ae635",
    "missing": false
  },
  "/Users/denghong/Documents/cocos/HotFramework/assets/game1/Game1.ts.meta": {
    "time": 1683461492588.6206
  },
  "/Users/denghong/Documents/cocos/HotFramework/assets/game1/Game1.ts": {
    "time": 1683462300808.1992,
    "uuid": "02b318f0-e6a6-4835-9115-51edb6e8ed11",
    "missing": false
  },
  "/Users/denghong/Documents/cocos/HotFramework/assets/game2/Game2.ts.meta": {
    "time": 1683461788039.4397
  },
  "/Users/denghong/Documents/cocos/HotFramework/assets/game2/Game2.ts": {
    "time": 1683786848937.733,
    "uuid": "ad2dff62-85ea-48ca-a82f-9a3b1cfa528b",
    "missing": false
  }
}
