{
  "__type__": "cc.SpriteFrame",
  "content": {
    "name": "spr1",
    "atlas": "",
    "rect": {
      "x": 1,
      "y": 9,
      "width": 115,
      "height": 107
    },
    "offset": {
      "x": -5.5,
      "y": 1.5
    },
    "originalSize": {
      "width": 128,
      "height": 128
    },
    "rotated": false,
    "capInsets": [
      0,
      0,
      0,
      0
    ],
    "vertices": {
      "rawPosition": [
        -57.5,
        -53.5,
        0,
        57.5,
        -53.5,
        0,
        -57.5,
        53.5,
        0,
        57.5,
        53.5,
        0
      ],
      "indexes": [
        0,
        1,
        2,
        2,
        1,
        3
      ],
      "uv": [
        1,
        119,
        116,
        119,
        1,
        12,
        116,
        12
      ],
      "nuv": [
        0.0078125,
        0.09375,
        0.90625,
        0.09375,
        0.0078125,
        0.9296875,
        0.90625,
        0.9296875
      ],
      "minPos": {
        "x": -57.5,
        "y": -53.5,
        "z": 0
      },
      "maxPos": {
        "x": 57.5,
        "y": 53.5,
        "z": 0
      }
    },
    "texture": "db028744-a3b3-4666-8b3e-b7c847f7c767@6c48a",
    "packable": true,
    "pixelsToUnit": 100,
    "pivot": {
      "x": 0.5,
      "y": 0.5
    },
    "meshType": 0
  }
}