{
  "__type__": "cc.SpriteFrame",
  "content": {
    "name": "spr21",
    "atlas": "",
    "rect": {
      "x": 35,
      "y": 33,
      "width": 58,
      "height": 58
    },
    "offset": {
      "x": 0,
      "y": 2
    },
    "originalSize": {
      "width": 128,
      "height": 128
    },
    "rotated": false,
    "capInsets": [
      0,
      0,
      0,
      0
    ],
    "vertices": {
      "rawPosition": [
        -29,
        -29,
        0,
        29,
        -29,
        0,
        -29,
        29,
        0,
        29,
        29,
        0
      ],
      "indexes": [
        0,
        1,
        2,
        2,
        1,
        3
      ],
      "uv": [
        35,
        95,
        93,
        95,
        35,
        37,
        93,
        37
      ],
      "nuv": [
        0.2734375,
        0.2890625,
        0.7265625,
        0.2890625,
        0.2734375,
        0.7421875,
        0.7265625,
        0.7421875
      ],
      "minPos": {
        "x": -29,
        "y": -29,
        "z": 0
      },
      "maxPos": {
        "x": 29,
        "y": 29,
        "z": 0
      }
    },
    "texture": "60587409-d503-4980-bb63-7ba6600a8e75@6c48a",
    "packable": true,
    "pixelsToUnit": 100,
    "pivot": {
      "x": 0.5,
      "y": 0.5
    },
    "meshType": 0
  }
}