[1,["20g1ukYUVPvKWKBRznAKo+@f9941","54TknWPwVPqJqeCR+Y/Czo@f9941","95EkngnxZFbYuFpsqVTaFr@f9941","20g1ukYUVPvKWKBRznAKo+@6c48a","54TknWPwVPqJqeCR+Y/Czo@6c48a","95EkngnxZFbYuFpsqVTaFr@6c48a","d0MqyYBeFAkIi762QNy1/B@b47c0","6fAc9/gb9Kfr1dCvwZaWSA@b47c0"],["node","_textureSource","_target","_spriteFrame","_normalSprite","_hoverSprite","_pressedSprite","_disabledSprite","_cameraComponent","remoteAssets","scene","_parent","_envmapHDR","_envmapLDR"],[["cc.Node",["_name","_layer","_id","_objFlags","_components","_parent","_lpos","_children","_lrot","_euler"],-1,9,1,5,2,5,5],"cc.SpriteFrame",["cc.Widget",["_alignFlags","_left","_right","_top","_bottom","_originalHeight","node"],-3,1],["cc.Label",["_actualFontSize","_fontSize","_string","_overflow","_enableWrapText","node","_color"],-2,1,5],["cc.Camera",["_clearFlags","_visibility","_projection","_priority","_orthoHeight","_far","node","_color"],-3,1,5],["cc.SceneAsset",["_name"],2],["cc.Node",["_name","_layer","_parent","_components","_lpos"],1,1,12,5],["cc.Node",["_name","_parent","_components","_lpos"],2,1,2,5],["cc.UITransform",["node","_contentSize"],3,1,5],["cc.Canvas",["node","_cameraComponent"],3,1,1],["9cb55qg/zlN9bwCdjB5/s50",["node","remoteAssets"],3,1,1],["cc.Sprite",["_type","_sizeMode","node","_spriteFrame"],1,1,6],["cc.Button",["_transition","node","clickEvents","_normalColor","_target","_normalSprite","_hoverSprite","_pressedSprite","_disabledSprite"],2,1,9,5,1,6,6,6,6],["cc.ClickEvent",["_componentId","handler","target"],1,1],["cc.Scene",["_name","_children","_globals"],2,2,4],["cc.SceneGlobals",["ambient","shadows","_skybox","fog","octree","lightProbeInfo"],3,4,4,4,4,4,4],["cc.AmbientInfo",["_skyIllumLDR","_skyColorHDR","_skyColorLDR","_groundAlbedoLDR"],2,5,5,5],["cc.ShadowsInfo",["_shadowColor"],3,5],["cc.SkyboxInfo",["_enabled","_envmapHDR","_envmapLDR"],2,6,6],["cc.FogInfo",[],3],["cc.OctreeInfo",[],3],["cc.LightProbeInfo",[],3],["cc.DirectionalLight",["node","_color","_staticSettings"],3,1,5,4],["cc.StaticLightSettings",[],3]],[[8,0,1,1],[0,0,1,5,7,4,6,3],[0,0,3,1,5,4,4],[11,0,1,2,3,3],[12,0,1,2,3,4,5,6,7,8,2],[13,0,1,2,3],[3,2,0,1,3,4,5,6,6],[5,0,2],[0,0,1,2,7,4,6,4],[0,0,2,5,4,8,9,3],[0,0,2,5,4,6,8,9,3],[6,0,1,2,3,4,3],[7,0,1,2,3,2],[9,0,1,1],[2,0,1,2,6,4],[2,0,3,4,5,6,5],[10,0,1,1],[14,0,1,2,2],[15,0,1,2,3,4,5,1],[16,0,1,2,3,2],[17,0,1],[18,0,1,2,2],[19,1],[20,1],[21,1],[3,0,1,5,3],[22,0,1,2,1],[23,1],[4,0,1,6,3],[4,2,3,4,5,0,1,6,7,7]],[[[{"name":"default_btn_normal","rect":{"x":0,"y":0,"width":40,"height":40},"offset":{"x":0,"y":0},"originalSize":{"width":40,"height":40},"rotated":false,"capInsets":[12,12,12,12],"vertices":{"rawPosition":[-20,-20,0,20,-20,0,-20,20,0,20,20,0],"indexes":[0,1,2,2,1,3],"uv":[0,40,40,40,0,0,40,0],"nuv":[0,0,1,0,0,1,1,1],"minPos":{"x":-20,"y":-20,"z":0},"maxPos":{"x":20,"y":20,"z":0}},"packable":true,"pixelsToUnit":100,"pivot":{"x":0.5,"y":0.5},"meshType":0}],[1],0,[0],[1],[3]],[[{"name":"default_btn_pressed","rect":{"x":0,"y":0,"width":40,"height":40},"offset":{"x":0,"y":0},"originalSize":{"width":40,"height":40},"rotated":false,"capInsets":[12,12,12,12],"vertices":{"rawPosition":[-20,-20,0,20,-20,0,-20,20,0,20,20,0],"indexes":[0,1,2,2,1,3],"uv":[0,40,40,40,0,0,40,0],"nuv":[0,0,1,0,0,1,1,1],"minPos":{"x":-20,"y":-20,"z":0},"maxPos":{"x":20,"y":20,"z":0}},"packable":true,"pixelsToUnit":100,"pivot":{"x":0.5,"y":0.5},"meshType":0}],[1],0,[0],[1],[4]],[[{"name":"default_btn_disabled","rect":{"x":0,"y":0,"width":40,"height":40},"offset":{"x":0,"y":0},"originalSize":{"width":40,"height":40},"rotated":false,"capInsets":[12,12,12,12],"vertices":{"rawPosition":[-20,-20,0,20,-20,0,-20,20,0,20,20,0],"indexes":[0,1,2,2,1,3],"uv":[0,40,40,40,0,0,40,0],"nuv":[0,0,1,0,0,1,1,1],"minPos":{"x":-20,"y":-20,"z":0},"maxPos":{"x":20,"y":20,"z":0}},"packable":true,"pixelsToUnit":100,"pivot":{"x":0.5,"y":0.5},"meshType":0}],[1],0,[0],[1],[5]],[[[7,"Hall"],[8,"Canvas",33554432,"83JBZHs89N54xaLf3sXWBt",[-7,-8,-9,-10,-11],[[0,-1,[5,750,1334]],[13,-3,-2],[14,45,-5.684341886080802e-14,-5.684341886080802e-14,-4],[16,-6,-5]],[1,374.99999999999994,667,0]],[1,"game1",33554432,1,[-16],[[0,-12,[5,159,40]],[3,1,0,-13,0],[4,2,-15,[[5,"9cb55qg/zlN9bwCdjB5/s50","onEnterGame1",1]],[4,4292269782],-14,1,2,3,4]],[1,4.29,191.018,0]],[1,"game2",33554432,1,[-21],[[0,-17,[5,150,40]],[3,1,0,-18,5],[4,2,-20,[[5,"9cb55qg/zlN9bwCdjB5/s50","onEnterGame2",1]],[4,4292269782],-19,6,7,8,9]],[1,8.281,103.018,0]],[1,"game3",33554432,1,[-26],[[0,-22,[5,150,40]],[3,1,0,-23,10],[4,2,-25,[[5,"9cb55qg/zlN9bwCdjB5/s50","onEnterGame3",1]],[4,4292269782],-24,11,12,13,14]],[1,8.281,11.96,0]],[17,"Hall",[-27,-28,1],[18,[19,0.8,[2,0.2,0.5,0.8,0.520833125],[2,0.452588,0.607642,0.755699,0],[2,0.618555,0.577848,0.544564,0]],[20,[4,4283190348]],[21,true,15,16],[22],[23],[24]]],[11,"Label",33554432,1,[[[0,-29,[5,42.26,50.4]],-30,[15,1,100,1150.675,50.4,-31]],4,1,4],[1,0,541.8,0]],[2,"Label",512,33554432,2,[[0,-32,[5,150,40]],[6,"enter game1",20,20,1,false,-33,[4,4278190080]]]],[2,"Label",512,33554432,3,[[0,-34,[5,150,40]],[6,"enter game2",20,20,1,false,-35,[4,4278190080]]]],[2,"Label",512,33554432,4,[[0,-36,[5,150,40]],[6,"entergame3",20,20,1,false,-37,[4,4278190080]]]],[9,"Main Light","c0y6F5f+pAvI805TdmxIjx",5,[[26,-38,[4,4293982975],[27]]],[3,-0.06397656665577071,-0.44608233363525845,-0.8239028751062036,-0.3436591377065261],[1,-117.894,-194.909,38.562]],[10,"Main Camera","c9DMICJLFO5IeO07EPon7U",5,[[28,14,1822425087,-39]],[1,-10,10,10],[3,-0.27781593346944056,-0.36497167621709875,-0.11507512748638377,0.8811195706053617],[1,-35,-45,0]],[12,"Camera",1,[-40],[1,0,0,1000]],[29,0,1073741824,667,2000,6,41943040,12,[4,4278190080]],[25,20,20,6]],0,[0,0,1,0,8,13,0,0,1,0,0,1,0,9,14,0,0,1,0,-1,12,0,-2,2,0,-3,3,0,-4,4,0,-5,6,0,0,2,0,0,2,0,2,2,0,0,2,0,-1,7,0,0,3,0,0,3,0,2,3,0,0,3,0,-1,8,0,0,4,0,0,4,0,2,4,0,0,4,0,-1,9,0,-1,10,0,-2,11,0,0,6,0,-2,14,0,0,6,0,0,7,0,0,7,0,0,8,0,0,8,0,0,9,0,0,9,0,0,10,0,0,11,0,-1,13,0,10,5,1,11,5,40],[0,0,0,0,0,0,0,0,0,0,0,0,0,0,0,0,0],[3,4,5,6,7,3,4,5,6,7,3,4,5,6,7,12,13],[0,0,0,1,2,0,0,0,1,2,0,0,0,1,2,6,7]]]]
