{
  "__type__": "cc.SpriteFrame",
  "content": {
    "name": "spr23",
    "atlas": "",
    "rect": {
      "x": 27,
      "y": 28,
      "width": 70,
      "height": 74
    },
    "offset": {
      "x": -2,
      "y": -1
    },
    "originalSize": {
      "width": 128,
      "height": 128
    },
    "rotated": false,
    "capInsets": [
      0,
      0,
      0,
      0
    ],
    "vertices": {
      "rawPosition": [
        -35,
        -37,
        0,
        35,
        -37,
        0,
        -35,
        37,
        0,
        35,
        37,
        0
      ],
      "indexes": [
        0,
        1,
        2,
        2,
        1,
        3
      ],
      "uv": [
        27,
        100,
        97,
        100,
        27,
        26,
        97,
        26
      ],
      "nuv": [
        0.2109375,
        0.203125,
        0.7578125,
        0.203125,
        0.2109375,
        0.78125,
        0.7578125,
        0.78125
      ],
      "minPos": {
        "x": -35,
        "y": -37,
        "z": 0
      },
      "maxPos": {
        "x": 35,
        "y": 37,
        "z": 0
      }
    },
    "texture": "4f0cbbe5-8662-4a75-989d-461e33350b63@6c48a",
    "packable": true,
    "pixelsToUnit": 100,
    "pivot": {
      "x": 0.5,
      "y": 0.5
    },
    "meshType": 0
  }
}