{
  "__type__": "cc.SpriteFrame",
  "content": {
    "name": "spr6",
    "atlas": "",
    "rect": {
      "x": 28,
      "y": 23,
      "width": 72,
      "height": 80
    },
    "offset": {
      "x": 0,
      "y": 1
    },
    "originalSize": {
      "width": 128,
      "height": 128
    },
    "rotated": false,
    "capInsets": [
      0,
      0,
      0,
      0
    ],
    "vertices": {
      "rawPosition": [
        -36,
        -40,
        0,
        36,
        -40,
        0,
        -36,
        40,
        0,
        36,
        40,
        0
      ],
      "indexes": [
        0,
        1,
        2,
        2,
        1,
        3
      ],
      "uv": [
        28,
        105,
        100,
        105,
        28,
        25,
        100,
        25
      ],
      "nuv": [
        0.21875,
        0.1953125,
        0.78125,
        0.1953125,
        0.21875,
        0.8203125,
        0.78125,
        0.8203125
      ],
      "minPos": {
        "x": -36,
        "y": -40,
        "z": 0
      },
      "maxPos": {
        "x": 36,
        "y": 40,
        "z": 0
      }
    },
    "texture": "4e566dad-60dd-46d0-bc8f-8a4dac29c703@6c48a",
    "packable": true,
    "pixelsToUnit": 100,
    "pivot": {
      "x": 0.5,
      "y": 0.5
    },
    "meshType": 0
  }
}