{
  "__type__": "cc.SpriteFrame",
  "content": {
    "name": "spr32",
    "atlas": "",
    "rect": {
      "x": 7,
      "y": 8,
      "width": 108,
      "height": 105
    },
    "offset": {
      "x": -3,
      "y": 3.5
    },
    "originalSize": {
      "width": 128,
      "height": 128
    },
    "rotated": false,
    "capInsets": [
      0,
      0,
      0,
      0
    ],
    "vertices": {
      "rawPosition": [
        -54,
        -52.5,
        0,
        54,
        -52.5,
        0,
        -54,
        52.5,
        0,
        54,
        52.5,
        0
      ],
      "indexes": [
        0,
        1,
        2,
        2,
        1,
        3
      ],
      "uv": [
        7,
        120,
        115,
        120,
        7,
        15,
        115,
        15
      ],
      "nuv": [
        0.0546875,
        0.1171875,
        0.8984375,
        0.1171875,
        0.0546875,
        0.9375,
        0.8984375,
        0.9375
      ],
      "minPos": {
        "x": -54,
        "y": -52.5,
        "z": 0
      },
      "maxPos": {
        "x": 54,
        "y": 52.5,
        "z": 0
      }
    },
    "texture": "c24760d1-6477-4504-bb92-19c987eacaad@6c48a",
    "packable": true,
    "pixelsToUnit": 100,
    "pivot": {
      "x": 0.5,
      "y": 0.5
    },
    "meshType": 0
  }
}