{
  "__type__": "cc.SpriteFrame",
  "content": {
    "name": "bg2",
    "atlas": "",
    "rect": {
      "x": 0,
      "y": 0,
      "width": 1344,
      "height": 896
    },
    "offset": {
      "x": 0,
      "y": 0
    },
    "originalSize": {
      "width": 1344,
      "height": 896
    },
    "rotated": false,
    "capInsets": [
      0,
      0,
      0,
      0
    ],
    "vertices": {
      "rawPosition": [
        -672,
        -448,
        0,
        672,
        -448,
        0,
        -672,
        448,
        0,
        672,
        448,
        0
      ],
      "indexes": [
        0,
        1,
        2,
        2,
        1,
        3
      ],
      "uv": [
        0,
        896,
        1344,
        896,
        0,
        0,
        1344,
        0
      ],
      "nuv": [
        0,
        0,
        1,
        0,
        0,
        1,
        1,
        1
      ],
      "minPos": {
        "x": -672,
        "y": -448,
        "z": 0
      },
      "maxPos": {
        "x": 672,
        "y": 448,
        "z": 0
      }
    },
    "texture": "3409a2d6-ba5e-47bd-8370-c44c18f13c30@6c48a",
    "packable": true,
    "pixelsToUnit": 100,
    "pivot": {
      "x": 0.5,
      "y": 0.5
    },
    "meshType": 0
  }
}