{
  "__type__": "cc.SpriteFrame",
  "content": {
    "name": "spr9",
    "atlas": "",
    "rect": {
      "x": 39,
      "y": 21,
      "width": 49,
      "height": 80
    },
    "offset": {
      "x": -0.5,
      "y": 3
    },
    "originalSize": {
      "width": 128,
      "height": 128
    },
    "rotated": false,
    "capInsets": [
      0,
      0,
      0,
      0
    ],
    "vertices": {
      "rawPosition": [
        -24.5,
        -40,
        0,
        24.5,
        -40,
        0,
        -24.5,
        40,
        0,
        24.5,
        40,
        0
      ],
      "indexes": [
        0,
        1,
        2,
        2,
        1,
        3
      ],
      "uv": [
        39,
        107,
        88,
        107,
        39,
        27,
        88,
        27
      ],
      "nuv": [
        0.3046875,
        0.2109375,
        0.6875,
        0.2109375,
        0.3046875,
        0.8359375,
        0.6875,
        0.8359375
      ],
      "minPos": {
        "x": -24.5,
        "y": -40,
        "z": 0
      },
      "maxPos": {
        "x": 24.5,
        "y": 40,
        "z": 0
      }
    },
    "texture": "d8303d1f-45a4-4d00-b903-8e8840d32ea0@6c48a",
    "packable": true,
    "pixelsToUnit": 100,
    "pivot": {
      "x": 0.5,
      "y": 0.5
    },
    "meshType": 0
  }
}