{
  "__type__": "cc.SpriteFrame",
  "content": {
    "name": "spr2",
    "atlas": "",
    "rect": {
      "x": 13,
      "y": 3,
      "width": 100,
      "height": 122
    },
    "offset": {
      "x": -1,
      "y": 0
    },
    "originalSize": {
      "width": 128,
      "height": 128
    },
    "rotated": false,
    "capInsets": [
      0,
      0,
      0,
      0
    ],
    "vertices": {
      "rawPosition": [
        -50,
        -61,
        0,
        50,
        -61,
        0,
        -50,
        61,
        0,
        50,
        61,
        0
      ],
      "indexes": [
        0,
        1,
        2,
        2,
        1,
        3
      ],
      "uv": [
        13,
        125,
        113,
        125,
        13,
        3,
        113,
        3
      ],
      "nuv": [
        0.1015625,
        0.0234375,
        0.8828125,
        0.0234375,
        0.1015625,
        0.9765625,
        0.8828125,
        0.9765625
      ],
      "minPos": {
        "x": -50,
        "y": -61,
        "z": 0
      },
      "maxPos": {
        "x": 50,
        "y": 61,
        "z": 0
      }
    },
    "texture": "f968e360-a96d-48c0-ad5a-5b677b46a291@6c48a",
    "packable": true,
    "pixelsToUnit": 100,
    "pivot": {
      "x": 0.5,
      "y": 0.5
    },
    "meshType": 0
  }
}