{"importBase":"import","nativeBase":"native","name":"main","deps":["internal"],"uuids":["014b775d7","0d4d22ddf","0f04472ac","0f22c501a","10EsKeo9RP2qOAos/JuI1x","baIUdvKGZPgZxNbjWTFuRI","f7BXFlMIBJRp9Bbk6XHRTY","20g1ukYUVPvKWKBRznAKo+","20g1ukYUVPvKWKBRznAKo+@6c48a","20g1ukYUVPvKWKBRznAKo+@f9941","24pwTaKGdEbY0aXpIMdeCd","24pwTaKGdEbY0aXpIMdeCd@6c48a","24pwTaKGdEbY0aXpIMdeCd@f9941","54TknWPwVPqJqeCR+Y/Czo","54TknWPwVPqJqeCR+Y/Czo@6c48a","54TknWPwVPqJqeCR+Y/Czo@f9941","6fAc9/gb9Kfr1dCvwZaWSA@b47c0","6fAc9/gb9Kfr1dCvwZaWSA@b47c0@40c10","6fAc9/gb9Kfr1dCvwZaWSA@b47c0@74afd","6fAc9/gb9Kfr1dCvwZaWSA@b47c0@7d38f","6fAc9/gb9Kfr1dCvwZaWSA@b47c0@8fd34","6fAc9/gb9Kfr1dCvwZaWSA@b47c0@bb97f","6fAc9/gb9Kfr1dCvwZaWSA@b47c0@e9a6d","95EkngnxZFbYuFpsqVTaFr","95EkngnxZFbYuFpsqVTaFr@6c48a","95EkngnxZFbYuFpsqVTaFr@f9941","9f2QDdIhtPiY8s+6NCQ8g1","9f2QDdIhtPiY8s+6NCQ8g1@6c48a","9f2QDdIhtPiY8s+6NCQ8g1@f9941","d0MqyYBeFAkIi762QNy1/B@b47c0","d0MqyYBeFAkIi762QNy1/B@b47c0@40c10","d0MqyYBeFAkIi762QNy1/B@b47c0@74afd","d0MqyYBeFAkIi762QNy1/B@b47c0@7d38f","d0MqyYBeFAkIi762QNy1/B@b47c0@8fd34","d0MqyYBeFAkIi762QNy1/B@b47c0@bb97f","d0MqyYBeFAkIi762QNy1/B@b47c0@e9a6d","fdjsU2o1RKF5x0TziDw3jI"],"paths":{"5":["db:/internal/physics/default-physics-material",1],"36":["db:/internal/default_renderpipeline/builtin-forward",0]},"scenes":{"db://assets/scene/Loading.scene":4,"db://assets/scene/Hall.scene":6},"packs":{"014b775d7":["27","11","14","8","24"],"0d4d22ddf":["4","12","16","17","18","19","20","21","22","28","29","30","31","32","33","34","35"],"0f04472ac":["26","10","13","7","23"],"0f22c501a":["9","15","25","6"]},"versions":{"import":[],"native":[]},"redirect":[5,"0"],"debug":false,"extensionMap":{},"hasPreloadScript":true,"types":["cc.RenderPipeline","cc.PhysicsMaterial"]}