{"importBase":"import","nativeBase":"native","name":"game3","deps":[],"uuids":["04c2d8d03","0a6a6b986","0a6c266dd","c8VqLzngtLv6K59/cQf43J","20g1ukYUVPvKWKBRznAKo+","20g1ukYUVPvKWKBRznAKo+@6c48a","20g1ukYUVPvKWKBRznAKo+@f9941","54TknWPwVPqJqeCR+Y/Czo","54TknWPwVPqJqeCR+Y/Czo@6c48a","54TknWPwVPqJqeCR+Y/Czo@f9941","6fAc9/gb9Kfr1dCvwZaWSA@b47c0","6fAc9/gb9Kfr1dCvwZaWSA@b47c0@40c10","6fAc9/gb9Kfr1dCvwZaWSA@b47c0@74afd","6fAc9/gb9Kfr1dCvwZaWSA@b47c0@7d38f","6fAc9/gb9Kfr1dCvwZaWSA@b47c0@8fd34","6fAc9/gb9Kfr1dCvwZaWSA@b47c0@bb97f","6fAc9/gb9Kfr1dCvwZaWSA@b47c0@e9a6d","95EkngnxZFbYuFpsqVTaFr","95EkngnxZFbYuFpsqVTaFr@6c48a","95EkngnxZFbYuFpsqVTaFr@f9941","d0MqyYBeFAkIi762QNy1/B@b47c0","d0MqyYBeFAkIi762QNy1/B@b47c0@40c10","d0MqyYBeFAkIi762QNy1/B@b47c0@74afd","d0MqyYBeFAkIi762QNy1/B@b47c0@7d38f","d0MqyYBeFAkIi762QNy1/B@b47c0@8fd34","d0MqyYBeFAkIi762QNy1/B@b47c0@bb97f","d0MqyYBeFAkIi762QNy1/B@b47c0@e9a6d"],"paths":{},"scenes":{"db://assets/game3/game3.scene":3},"packs":{"04c2d8d03":["7","4","17"],"0a6a6b986":["8","5","18"],"0a6c266dd":["6","9","10","11","12","13","14","15","16","19","3","20","21","22","23","24","25","26"]},"versions":{"import":[],"native":[]},"redirect":[],"debug":false,"extensionMap":{},"hasPreloadScript":true,"types":[]}