{
  "__type__": "cc.SpriteFrame",
  "content": {
    "name": "spr4",
    "atlas": "",
    "rect": {
      "x": 9,
      "y": 11,
      "width": 103,
      "height": 99
    },
    "offset": {
      "x": -3.5,
      "y": 3.5
    },
    "originalSize": {
      "width": 128,
      "height": 128
    },
    "rotated": false,
    "capInsets": [
      0,
      0,
      0,
      0
    ],
    "vertices": {
      "rawPosition": [
        -51.5,
        -49.5,
        0,
        51.5,
        -49.5,
        0,
        -51.5,
        49.5,
        0,
        51.5,
        49.5,
        0
      ],
      "indexes": [
        0,
        1,
        2,
        2,
        1,
        3
      ],
      "uv": [
        9,
        117,
        112,
        117,
        9,
        18,
        112,
        18
      ],
      "nuv": [
        0.0703125,
        0.140625,
        0.875,
        0.140625,
        0.0703125,
        0.9140625,
        0.875,
        0.9140625
      ],
      "minPos": {
        "x": -51.5,
        "y": -49.5,
        "z": 0
      },
      "maxPos": {
        "x": 51.5,
        "y": 49.5,
        "z": 0
      }
    },
    "texture": "b3de6853-eac9-400d-8e56-7dc75ea6b6df@6c48a",
    "packable": true,
    "pixelsToUnit": 100,
    "pivot": {
      "x": 0.5,
      "y": 0.5
    },
    "meshType": 0
  }
}