{
  "__type__": "cc.SpriteFrame",
  "content": {
    "name": "spr35",
    "atlas": "",
    "rect": {
      "x": 15,
      "y": 3,
      "width": 99,
      "height": 109
    },
    "offset": {
      "x": 0.5,
      "y": 6.5
    },
    "originalSize": {
      "width": 128,
      "height": 128
    },
    "rotated": false,
    "capInsets": [
      0,
      0,
      0,
      0
    ],
    "vertices": {
      "rawPosition": [
        -49.5,
        -54.5,
        0,
        49.5,
        -54.5,
        0,
        -49.5,
        54.5,
        0,
        49.5,
        54.5,
        0
      ],
      "indexes": [
        0,
        1,
        2,
        2,
        1,
        3
      ],
      "uv": [
        15,
        125,
        114,
        125,
        15,
        16,
        114,
        16
      ],
      "nuv": [
        0.1171875,
        0.125,
        0.890625,
        0.125,
        0.1171875,
        0.9765625,
        0.890625,
        0.9765625
      ],
      "minPos": {
        "x": -49.5,
        "y": -54.5,
        "z": 0
      },
      "maxPos": {
        "x": 49.5,
        "y": 54.5,
        "z": 0
      }
    },
    "texture": "3c895955-afe8-4d45-be9c-7a996b7255ac@6c48a",
    "packable": true,
    "pixelsToUnit": 100,
    "pivot": {
      "x": 0.5,
      "y": 0.5
    },
    "meshType": 0
  }
}