{
  "__type__": "cc.SpriteFrame",
  "content": {
    "name": "spr28",
    "atlas": "",
    "rect": {
      "x": 21,
      "y": 23,
      "width": 86,
      "height": 81
    },
    "offset": {
      "x": 0,
      "y": 0.5
    },
    "originalSize": {
      "width": 128,
      "height": 128
    },
    "rotated": false,
    "capInsets": [
      0,
      0,
      0,
      0
    ],
    "vertices": {
      "rawPosition": [
        -43,
        -40.5,
        0,
        43,
        -40.5,
        0,
        -43,
        40.5,
        0,
        43,
        40.5,
        0
      ],
      "indexes": [
        0,
        1,
        2,
        2,
        1,
        3
      ],
      "uv": [
        21,
        105,
        107,
        105,
        21,
        24,
        107,
        24
      ],
      "nuv": [
        0.1640625,
        0.1875,
        0.8359375,
        0.1875,
        0.1640625,
        0.8203125,
        0.8359375,
        0.8203125
      ],
      "minPos": {
        "x": -43,
        "y": -40.5,
        "z": 0
      },
      "maxPos": {
        "x": 43,
        "y": 40.5,
        "z": 0
      }
    },
    "texture": "3cff73c5-60a7-4b61-95a1-45760ecd4dad@6c48a",
    "packable": true,
    "pixelsToUnit": 100,
    "pivot": {
      "x": 0.5,
      "y": 0.5
    },
    "meshType": 0
  }
}