{
  "__type__": "cc.SpriteFrame",
  "content": {
    "name": "spr8",
    "atlas": "",
    "rect": {
      "x": 45,
      "y": 40,
      "width": 65,
      "height": 59
    },
    "offset": {
      "x": 13.5,
      "y": -5.5
    },
    "originalSize": {
      "width": 128,
      "height": 128
    },
    "rotated": false,
    "capInsets": [
      0,
      0,
      0,
      0
    ],
    "vertices": {
      "rawPosition": [
        -32.5,
        -29.5,
        0,
        32.5,
        -29.5,
        0,
        -32.5,
        29.5,
        0,
        32.5,
        29.5,
        0
      ],
      "indexes": [
        0,
        1,
        2,
        2,
        1,
        3
      ],
      "uv": [
        45,
        88,
        110,
        88,
        45,
        29,
        110,
        29
      ],
      "nuv": [
        0.3515625,
        0.2265625,
        0.859375,
        0.2265625,
        0.3515625,
        0.6875,
        0.859375,
        0.6875
      ],
      "minPos": {
        "x": -32.5,
        "y": -29.5,
        "z": 0
      },
      "maxPos": {
        "x": 32.5,
        "y": 29.5,
        "z": 0
      }
    },
    "texture": "f12c07fb-7a83-4d00-9f86-e122cbb3d0f3@6c48a",
    "packable": true,
    "pixelsToUnit": 100,
    "pivot": {
      "x": 0.5,
      "y": 0.5
    },
    "meshType": 0
  }
}