{
  "__type__": "cc.SpriteFrame",
  "content": {
    "name": "spr26",
    "atlas": "",
    "rect": {
      "x": 27,
      "y": 27,
      "width": 73,
      "height": 74
    },
    "offset": {
      "x": -0.5,
      "y": 0
    },
    "originalSize": {
      "width": 128,
      "height": 128
    },
    "rotated": false,
    "capInsets": [
      0,
      0,
      0,
      0
    ],
    "vertices": {
      "rawPosition": [
        -36.5,
        -37,
        0,
        36.5,
        -37,
        0,
        -36.5,
        37,
        0,
        36.5,
        37,
        0
      ],
      "indexes": [
        0,
        1,
        2,
        2,
        1,
        3
      ],
      "uv": [
        27,
        101,
        100,
        101,
        27,
        27,
        100,
        27
      ],
      "nuv": [
        0.2109375,
        0.2109375,
        0.78125,
        0.2109375,
        0.2109375,
        0.7890625,
        0.78125,
        0.7890625
      ],
      "minPos": {
        "x": -36.5,
        "y": -37,
        "z": 0
      },
      "maxPos": {
        "x": 36.5,
        "y": 37,
        "z": 0
      }
    },
    "texture": "3303e711-2f24-4f23-9de8-1c4a514dcd59@6c48a",
    "packable": true,
    "pixelsToUnit": 100,
    "pivot": {
      "x": 0.5,
      "y": 0.5
    },
    "meshType": 0
  }
}