{
  "__type__": "cc.SpriteFrame",
  "content": {
    "name": "spr33",
    "atlas": "",
    "rect": {
      "x": 23,
      "y": 15,
      "width": 79,
      "height": 98
    },
    "offset": {
      "x": -1.5,
      "y": 0
    },
    "originalSize": {
      "width": 128,
      "height": 128
    },
    "rotated": false,
    "capInsets": [
      0,
      0,
      0,
      0
    ],
    "vertices": {
      "rawPosition": [
        -39.5,
        -49,
        0,
        39.5,
        -49,
        0,
        -39.5,
        49,
        0,
        39.5,
        49,
        0
      ],
      "indexes": [
        0,
        1,
        2,
        2,
        1,
        3
      ],
      "uv": [
        23,
        113,
        102,
        113,
        23,
        15,
        102,
        15
      ],
      "nuv": [
        0.1796875,
        0.1171875,
        0.796875,
        0.1171875,
        0.1796875,
        0.8828125,
        0.796875,
        0.8828125
      ],
      "minPos": {
        "x": -39.5,
        "y": -49,
        "z": 0
      },
      "maxPos": {
        "x": 39.5,
        "y": 49,
        "z": 0
      }
    },
    "texture": "a7253068-5aa2-47e4-b227-bf38d50b7110@6c48a",
    "packable": true,
    "pixelsToUnit": 100,
    "pivot": {
      "x": 0.5,
      "y": 0.5
    },
    "meshType": 0
  }
}