{
  "version": "1.0.0",
  "map": {
    "D:\\Workspace\\Cocos Creator\\Tween\\assets\\resources": {
      "time": 1711033862062.468,
      "uuid": "01c7acd5-c83f-4349-b4ae-ba9fc2bd135c"
    },
    "D:\\Workspace\\Cocos Creator\\Tween\\assets\\scenes": {
      "time": 1711033861871.2195,
      "uuid": "57887881-05d3-4201-9d0c-3a94966a9948"
    },
    "D:\\Workspace\\Cocos Creator\\Tween\\assets\\scripts": {
      "time": 1711033861867.2195,
      "uuid": "b47d92f9-fa9f-48ff-941a-490ea884d853"
    },
    "D:\\Workspace\\Cocos Creator\\Tween\\assets\\texture": {
      "time": 1711033861846.2185,
      "uuid": "d507f334-e90e-47cb-9d61-352163aeb6a2"
    },
    "D:\\Workspace\\Cocos Creator\\Tween\\assets\\scripts\\Entry.ts": {
      "time": 1711033861677.1726,
      "uuid": "bcdda128-1545-42d8-8fdc-2a00f6c51a33"
    },
    "D:\\Workspace\\Cocos Creator\\Tween\\assets\\resources.meta": {
      "time": 1711034017467.6035
    },
    "D:\\Workspace\\Cocos Creator\\Tween\\assets\\scenes.meta": {
      "time": 1711034017468.6038
    },
    "D:\\Workspace\\Cocos Creator\\Tween\\assets\\scripts.meta": {
      "time": 1711034017468.6038
    },
    "D:\\Workspace\\Cocos Creator\\Tween\\assets\\texture.meta": {
      "time": 1711034017468.6038
    },
    "D:\\Workspace\\Cocos Creator\\Tween\\assets\\scripts\\Entry.ts.meta": {
      "time": 1711033861678.1604
    },
    "D:\\Workspace\\Cocos Creator\\Tween\\assets\\resources\\spr1.png": {
      "time": 1711033861584.1602,
      "uuid": "db028744-a3b3-4666-8b3e-b7c847f7c767"
    },
    "D:\\Workspace\\Cocos Creator\\Tween\\assets\\resources\\spr10.png": {
      "time": 1711033861586.1675,
      "uuid": "aa78bcb4-46b6-4ba7-ac96-dc17b00e4824"
    },
    "D:\\Workspace\\Cocos Creator\\Tween\\assets\\resources\\spr11.png": {
      "time": 1711033861587.161,
      "uuid": "2b54133c-f386-4757-9378-de7ad689ad74"
    },
    "D:\\Workspace\\Cocos Creator\\Tween\\assets\\resources\\spr12.png": {
      "time": 1711033861589.1619,
      "uuid": "918887ba-37f2-4c4f-9259-7f555d430447"
    },
    "D:\\Workspace\\Cocos Creator\\Tween\\assets\\resources\\spr13.png": {
      "time": 1711033861591.16,
      "uuid": "c84a8ce4-23f1-4bf2-9376-46e95ea05c4e"
    },
    "D:\\Workspace\\Cocos Creator\\Tween\\assets\\resources\\spr14.png": {
      "time": 1711033861593.1704,
      "uuid": "4ac9e9ec-ffac-4316-852c-d6b713f7664b"
    },
    "D:\\Workspace\\Cocos Creator\\Tween\\assets\\resources\\spr15.png": {
      "time": 1711033861595.1697,
      "uuid": "9dc093be-894d-410c-9981-e5e210a9e2a0"
    },
    "D:\\Workspace\\Cocos Creator\\Tween\\assets\\resources\\spr16.png": {
      "time": 1711033861596.1606,
      "uuid": "036d450c-bbd4-4297-9c91-6e74b9744b7c"
    },
    "D:\\Workspace\\Cocos Creator\\Tween\\assets\\resources\\spr17.png": {
      "time": 1711033861598.1682,
      "uuid": "4a1c6a40-741e-4a6b-88a5-3a93bc71b3c2"
    },
    "D:\\Workspace\\Cocos Creator\\Tween\\assets\\resources\\spr18.png": {
      "time": 1711033861599.16,
      "uuid": "ecf348b4-426d-49e8-8d5f-588301d7a01b"
    },
    "D:\\Workspace\\Cocos Creator\\Tween\\assets\\resources\\spr19.png": {
      "time": 1711033861601.1611,
      "uuid": "43e99de4-86e3-425f-8fcd-ec15ca306d4c"
    },
    "D:\\Workspace\\Cocos Creator\\Tween\\assets\\resources\\spr2.png": {
      "time": 1711033861602.1707,
      "uuid": "f968e360-a96d-48c0-ad5a-5b677b46a291"
    },
    "D:\\Workspace\\Cocos Creator\\Tween\\assets\\resources\\spr20.png": {
      "time": 1711033861604.1677,
      "uuid": "6042662e-f5c3-462b-a0a0-d2eaf29d4ed6"
    },
    "D:\\Workspace\\Cocos Creator\\Tween\\assets\\resources\\spr21.png": {
      "time": 1711033861606.1619,
      "uuid": "60587409-d503-4980-bb63-7ba6600a8e75"
    },
    "D:\\Workspace\\Cocos Creator\\Tween\\assets\\resources\\spr22.png": {
      "time": 1711033861608.1597,
      "uuid": "b16f0c55-2f4e-43cb-bff0-7545cda477d7"
    },
    "D:\\Workspace\\Cocos Creator\\Tween\\assets\\resources\\spr23.png": {
      "time": 1711033861609.1611,
      "uuid": "4f0cbbe5-8662-4a75-989d-461e33350b63"
    },
    "D:\\Workspace\\Cocos Creator\\Tween\\assets\\resources\\spr24.png": {
      "time": 1711033861611.16,
      "uuid": "22f8934e-0630-4323-8480-ac7f9112f469"
    },
    "D:\\Workspace\\Cocos Creator\\Tween\\assets\\resources\\spr25.png": {
      "time": 1711033861614.161,
      "uuid": "846dbf0f-79dd-4697-bc7c-d3db43717759"
    },
    "D:\\Workspace\\Cocos Creator\\Tween\\assets\\resources\\spr26.png": {
      "time": 1711033861616.1604,
      "uuid": "3303e711-2f24-4f23-9de8-1c4a514dcd59"
    },
    "D:\\Workspace\\Cocos Creator\\Tween\\assets\\resources\\spr27.png": {
      "time": 1711033861618.1606,
      "uuid": "bd67f7b3-0559-422a-b600-74a0169f88a2"
    },
    "D:\\Workspace\\Cocos Creator\\Tween\\assets\\resources\\spr28.png": {
      "time": 1711033861620.16,
      "uuid": "3cff73c5-60a7-4b61-95a1-45760ecd4dad"
    },
    "D:\\Workspace\\Cocos Creator\\Tween\\assets\\resources\\spr29.png": {
      "time": 1711033861621.1606,
      "uuid": "01e709e5-6ac3-406d-a9de-8446de4bae7e"
    },
    "D:\\Workspace\\Cocos Creator\\Tween\\assets\\resources\\spr3.png": {
      "time": 1711033861623.161,
      "uuid": "059e3300-dd41-4fea-ab21-c7e193460442"
    },
    "D:\\Workspace\\Cocos Creator\\Tween\\assets\\resources\\spr30.png": {
      "time": 1711033861625.166,
      "uuid": "4aec72bc-fe58-428e-ac5d-6dd3ce62833c"
    },
    "D:\\Workspace\\Cocos Creator\\Tween\\assets\\resources\\spr31.png": {
      "time": 1711033861627.1677,
      "uuid": "da90b028-3eab-45a1-88e0-a8ba49cb2315"
    },
    "D:\\Workspace\\Cocos Creator\\Tween\\assets\\resources\\spr32.png": {
      "time": 1711033861629.1736,
      "uuid": "c24760d1-6477-4504-bb92-19c987eacaad"
    },
    "D:\\Workspace\\Cocos Creator\\Tween\\assets\\resources\\spr33.png": {
      "time": 1711033861632.1604,
      "uuid": "a7253068-5aa2-47e4-b227-bf38d50b7110"
    },
    "D:\\Workspace\\Cocos Creator\\Tween\\assets\\resources\\spr34.png": {
      "time": 1711033861633.161,
      "uuid": "fe84674f-a686-4133-b3ff-1dc6e8c5afe6"
    },
    "D:\\Workspace\\Cocos Creator\\Tween\\assets\\resources\\spr35.png": {
      "time": 1711033861635.1602,
      "uuid": "3c895955-afe8-4d45-be9c-7a996b7255ac"
    },
    "D:\\Workspace\\Cocos Creator\\Tween\\assets\\resources\\spr36.png": {
      "time": 1711033861637.1597,
      "uuid": "7e9e6a03-d9eb-4628-b979-d55d529796b0"
    },
    "D:\\Workspace\\Cocos Creator\\Tween\\assets\\resources\\spr37.png": {
      "time": 1711033861639.1775,
      "uuid": "13f1e9f6-1745-490f-a04b-bc7604576c62"
    },
    "D:\\Workspace\\Cocos Creator\\Tween\\assets\\resources\\spr38.png": {
      "time": 1711033861640.1714,
      "uuid": "a068f759-72ae-4457-abed-b98449dc4768"
    },
    "D:\\Workspace\\Cocos Creator\\Tween\\assets\\resources\\spr39.png": {
      "time": 1711033861642.1619,
      "uuid": "1239f143-1736-4111-b869-c15fddedcf5b"
    },
    "D:\\Workspace\\Cocos Creator\\Tween\\assets\\resources\\spr4.png": {
      "time": 1711033861646.1602,
      "uuid": "b3de6853-eac9-400d-8e56-7dc75ea6b6df"
    },
    "D:\\Workspace\\Cocos Creator\\Tween\\assets\\resources\\spr40.png": {
      "time": 1711033861648.1685,
      "uuid": "f043ea1e-0878-45ab-9d2e-c78f7ea69601"
    },
    "D:\\Workspace\\Cocos Creator\\Tween\\assets\\resources\\spr41.png": {
      "time": 1711033861650.16,
      "uuid": "5705c36f-d06c-4c73-9d77-0859b218d1c0"
    },
    "D:\\Workspace\\Cocos Creator\\Tween\\assets\\resources\\spr42.png": {
      "time": 1711033861651.1614,
      "uuid": "41b19144-3d25-41e6-ae3a-fe127673ac1e"
    },
    "D:\\Workspace\\Cocos Creator\\Tween\\assets\\resources\\spr5.png": {
      "time": 1711033861654.178,
      "uuid": "f654b665-c6a5-49c9-9724-2e42ff2a3d4c"
    },
    "D:\\Workspace\\Cocos Creator\\Tween\\assets\\resources\\spr6.png": {
      "time": 1711033861655.1626,
      "uuid": "4e566dad-60dd-46d0-bc8f-8a4dac29c703"
    },
    "D:\\Workspace\\Cocos Creator\\Tween\\assets\\resources\\spr7.png": {
      "time": 1711033861657.1597,
      "uuid": "23a14a2f-92a0-41b1-976f-0c27abb29e72"
    },
    "D:\\Workspace\\Cocos Creator\\Tween\\assets\\resources\\spr8.png": {
      "time": 1711033861659.1604,
      "uuid": "f12c07fb-7a83-4d00-9f86-e122cbb3d0f3"
    },
    "D:\\Workspace\\Cocos Creator\\Tween\\assets\\resources\\spr9.png": {
      "time": 1711033861660.1602,
      "uuid": "d8303d1f-45a4-4d00-b903-8e8840d32ea0"
    },
    "D:\\Workspace\\Cocos Creator\\Tween\\assets\\resources\\sprAtlas.plist": {
      "time": 1711033861662.1694,
      "uuid": "43f0912e-9fb9-4e94-8633-242a28f99281"
    },
    "D:\\Workspace\\Cocos Creator\\Tween\\assets\\resources\\sprAtlas.png": {
      "time": 1711033861670.1611,
      "uuid": "a17894a0-a3aa-40fc-94c3-7065148de3aa"
    },
    "D:\\Workspace\\Cocos Creator\\Tween\\assets\\scenes\\main.scene": {
      "time": 1711034021354.032,
      "uuid": "b8c57f82-4427-4875-a5ba-60506e9c6b43"
    },
    "D:\\Workspace\\Cocos Creator\\Tween\\assets\\texture\\5.png": {
      "time": 1711033861681.1604,
      "uuid": "aeb76326-4862-4be5-88bd-c4054201343c"
    },
    "D:\\Workspace\\Cocos Creator\\Tween\\assets\\texture\\bg.png": {
      "time": 1711033861714.1746,
      "uuid": "17676fa6-5a21-43ca-b7d8-c0cd768dd8e5"
    },
    "D:\\Workspace\\Cocos Creator\\Tween\\assets\\texture\\bg2.png": {
      "time": 1711033861744.1624,
      "uuid": "3409a2d6-ba5e-47bd-8370-c44c18f13c30"
    },
    "D:\\Workspace\\Cocos Creator\\Tween\\assets\\texture\\b_Forward2.png": {
      "time": 1711033861745.161,
      "uuid": "2d0ee739-9eac-41be-a75b-f159af713d04"
    },
    "D:\\Workspace\\Cocos Creator\\Tween\\assets\\resources\\spr11.png.meta": {
      "time": 1711034021084.1387
    },
    "D:\\Workspace\\Cocos Creator\\Tween\\assets\\resources\\spr1.png.meta": {
      "time": 1711034021085.1401
    },
    "D:\\Workspace\\Cocos Creator\\Tween\\assets\\resources\\spr12.png.meta": {
      "time": 1711034021086.139
    },
    "D:\\Workspace\\Cocos Creator\\Tween\\assets\\resources\\spr10.png.meta": {
      "time": 1711034021086.139
    },
    "D:\\Workspace\\Cocos Creator\\Tween\\assets\\resources\\spr13.png.meta": {
      "time": 1711034021090.661
    },
    "D:\\Workspace\\Cocos Creator\\Tween\\assets\\resources\\spr14.png.meta": {
      "time": 1711034021110.1797
    },
    "D:\\Workspace\\Cocos Creator\\Tween\\assets\\resources\\spr15.png.meta": {
      "time": 1711034021113.325
    },
    "D:\\Workspace\\Cocos Creator\\Tween\\assets\\resources\\spr16.png.meta": {
      "time": 1711034021115.3264
    },
    "D:\\Workspace\\Cocos Creator\\Tween\\assets\\resources\\spr17.png.meta": {
      "time": 1711034021116.3262
    },
    "D:\\Workspace\\Cocos Creator\\Tween\\assets\\resources\\spr18.png.meta": {
      "time": 1711034021118.326
    },
    "D:\\Workspace\\Cocos Creator\\Tween\\assets\\resources\\spr21.png.meta": {
      "time": 1711034021148.4263
    },
    "D:\\Workspace\\Cocos Creator\\Tween\\assets\\resources\\spr19.png.meta": {
      "time": 1711034021149.9365
    },
    "D:\\Workspace\\Cocos Creator\\Tween\\assets\\resources\\spr20.png.meta": {
      "time": 1711034021150.9424
    },
    "D:\\Workspace\\Cocos Creator\\Tween\\assets\\resources\\spr2.png.meta": {
      "time": 1711034021150.9424
    },
    "D:\\Workspace\\Cocos Creator\\Tween\\assets\\resources\\spr22.png.meta": {
      "time": 1711034021159.017
    },
    "D:\\Workspace\\Cocos Creator\\Tween\\assets\\resources\\spr23.png.meta": {
      "time": 1711034021187.094
    },
    "D:\\Workspace\\Cocos Creator\\Tween\\assets\\resources\\spr24.png.meta": {
      "time": 1711034021188.0935
    },
    "D:\\Workspace\\Cocos Creator\\Tween\\assets\\resources\\spr25.png.meta": {
      "time": 1711034021190.0935
    },
    "D:\\Workspace\\Cocos Creator\\Tween\\assets\\resources\\spr26.png.meta": {
      "time": 1711034021192.7852
    },
    "D:\\Workspace\\Cocos Creator\\Tween\\assets\\resources\\spr27.png.meta": {
      "time": 1711034021193.3271
    },
    "D:\\Workspace\\Cocos Creator\\Tween\\assets\\resources\\spr28.png.meta": {
      "time": 1711034021214.6829
    },
    "D:\\Workspace\\Cocos Creator\\Tween\\assets\\resources\\spr29.png.meta": {
      "time": 1711034021217.6765
    },
    "D:\\Workspace\\Cocos Creator\\Tween\\assets\\resources\\spr30.png.meta": {
      "time": 1711034021218.6833
    },
    "D:\\Workspace\\Cocos Creator\\Tween\\assets\\resources\\spr3.png.meta": {
      "time": 1711034021218.6833
    },
    "D:\\Workspace\\Cocos Creator\\Tween\\assets\\resources\\spr31.png.meta": {
      "time": 1711034021223.1973
    },
    "D:\\Workspace\\Cocos Creator\\Tween\\assets\\resources\\spr33.png.meta": {
      "time": 1711034021247.3596
    },
    "D:\\Workspace\\Cocos Creator\\Tween\\assets\\resources\\spr34.png.meta": {
      "time": 1711034021248.358
    },
    "D:\\Workspace\\Cocos Creator\\Tween\\assets\\resources\\spr32.png.meta": {
      "time": 1711034021251.8718
    },
    "D:\\Workspace\\Cocos Creator\\Tween\\assets\\resources\\spr35.png.meta": {
      "time": 1711034021252.8726
    },
    "D:\\Workspace\\Cocos Creator\\Tween\\assets\\resources\\spr36.png.meta": {
      "time": 1711034021253.8716
    },
    "D:\\Workspace\\Cocos Creator\\Tween\\assets\\resources\\spr37.png.meta": {
      "time": 1711034021279.8975
    },
    "D:\\Workspace\\Cocos Creator\\Tween\\assets\\resources\\spr38.png.meta": {
      "time": 1711034021282.0127
    },
    "D:\\Workspace\\Cocos Creator\\Tween\\assets\\resources\\spr39.png.meta": {
      "time": 1711034021284.014
    },
    "D:\\Workspace\\Cocos Creator\\Tween\\assets\\resources\\spr4.png.meta": {
      "time": 1711034021285.021
    },
    "D:\\Workspace\\Cocos Creator\\Tween\\assets\\resources\\spr40.png.meta": {
      "time": 1711034021292.5286
    },
    "D:\\Workspace\\Cocos Creator\\Tween\\assets\\resources\\spr41.png.meta": {
      "time": 1711034021313.4387
    },
    "D:\\Workspace\\Cocos Creator\\Tween\\assets\\resources\\spr42.png.meta": {
      "time": 1711034021316.1638
    },
    "D:\\Workspace\\Cocos Creator\\Tween\\assets\\resources\\spr5.png.meta": {
      "time": 1711034021321.2522
    },
    "D:\\Workspace\\Cocos Creator\\Tween\\assets\\resources\\spr6.png.meta": {
      "time": 1711034021323.4187
    },
    "D:\\Workspace\\Cocos Creator\\Tween\\assets\\resources\\spr7.png.meta": {
      "time": 1711034021323.9333
    },
    "D:\\Workspace\\Cocos Creator\\Tween\\assets\\resources\\spr8.png.meta": {
      "time": 1711034021389.1755
    },
    "D:\\Workspace\\Cocos Creator\\Tween\\assets\\resources\\spr9.png.meta": {
      "time": 1711034021391.223
    },
    "D:\\Workspace\\Cocos Creator\\Tween\\assets\\scenes\\main.scene.meta": {
      "time": 1711034021394.2324
    },
    "D:\\Workspace\\Cocos Creator\\Tween\\assets\\resources\\sprAtlas.png.meta": {
      "time": 1711034021417.2412
    },
    "D:\\Workspace\\Cocos Creator\\Tween\\assets\\texture\\5.png.meta": {
      "time": 1711034021430.4148
    },
    "D:\\Workspace\\Cocos Creator\\Tween\\assets\\texture\\b_Forward2.png.meta": {
      "time": 1711034021436.4238
    },
    "D:\\Workspace\\Cocos Creator\\Tween\\assets\\texture\\bg.png.meta": {
      "time": 1711034021443.937
    },
    "D:\\Workspace\\Cocos Creator\\Tween\\assets\\texture\\bg2.png.meta": {
      "time": 1711034021452.9146
    },
    "D:\\Workspace\\Cocos Creator\\Tween\\assets\\resources\\sprAtlas.plist.meta": {
      "time": 1711034021454.923
    }
  },
  "missing": {}
}
