{
  "01c7acd5-c83f-4349-b4ae-ba9fc2bd135c": {
    "url": "db://assets/resources",
    "value": {},
    "versionCode": 0
  },
  "57887881-05d3-4201-9d0c-3a94966a9948": {
    "url": "db://assets/scenes",
    "value": {},
    "versionCode": 0
  },
  "b47d92f9-fa9f-48ff-941a-490ea884d853": {
    "url": "db://assets/scripts",
    "value": {},
    "versionCode": 0
  },
  "d507f334-e90e-47cb-9d61-352163aeb6a2": {
    "url": "db://assets/texture",
    "value": {},
    "versionCode": 0
  },
  "bcdda128-1545-42d8-8fdc-2a00f6c51a33": {
    "url": "db://assets/scripts/Entry.ts",
    "value": {},
    "versionCode": 0
  },
  "db028744-a3b3-4666-8b3e-b7c847f7c767": {
    "url": "db://assets/resources/spr1.png",
    "value": {
      "depends": []
    },
    "versionCode": 0
  },
  "aa78bcb4-46b6-4ba7-ac96-dc17b00e4824": {
    "url": "db://assets/resources/spr10.png",
    "value": {
      "depends": []
    },
    "versionCode": 0
  },
  "2b54133c-f386-4757-9378-de7ad689ad74": {
    "url": "db://assets/resources/spr11.png",
    "value": {
      "depends": []
    },
    "versionCode": 0
  },
  "918887ba-37f2-4c4f-9259-7f555d430447": {
    "url": "db://assets/resources/spr12.png",
    "value": {
      "depends": []
    },
    "versionCode": 0
  },
  "c84a8ce4-23f1-4bf2-9376-46e95ea05c4e": {
    "url": "db://assets/resources/spr13.png",
    "value": {
      "depends": []
    },
    "versionCode": 0
  },
  "918887ba-37f2-4c4f-9259-7f555d430447@6c48a": {
    "url": "db://assets/resources/spr12.png@6c48a",
    "value": {
      "depends": [
        "918887ba-37f2-4c4f-9259-7f555d430447"
      ]
    },
    "versionCode": 0
  },
  "db028744-a3b3-4666-8b3e-b7c847f7c767@6c48a": {
    "url": "db://assets/resources/spr1.png@6c48a",
    "value": {
      "depends": [
        "db028744-a3b3-4666-8b3e-b7c847f7c767"
      ]
    },
    "versionCode": 0
  },
  "2b54133c-f386-4757-9378-de7ad689ad74@6c48a": {
    "url": "db://assets/resources/spr11.png@6c48a",
    "value": {
      "depends": [
        "2b54133c-f386-4757-9378-de7ad689ad74"
      ]
    },
    "versionCode": 0
  },
  "aa78bcb4-46b6-4ba7-ac96-dc17b00e4824@6c48a": {
    "url": "db://assets/resources/spr10.png@6c48a",
    "value": {
      "depends": [
        "aa78bcb4-46b6-4ba7-ac96-dc17b00e4824"
      ]
    },
    "versionCode": 0
  },
  "c84a8ce4-23f1-4bf2-9376-46e95ea05c4e@6c48a": {
    "url": "db://assets/resources/spr13.png@6c48a",
    "value": {
      "depends": [
        "c84a8ce4-23f1-4bf2-9376-46e95ea05c4e"
      ]
    },
    "versionCode": 0
  },
  "2b54133c-f386-4757-9378-de7ad689ad74@f9941": {
    "url": "db://assets/resources/spr11.png@f9941",
    "value": {
      "depends": [
        "2b54133c-f386-4757-9378-de7ad689ad74@6c48a"
      ]
    },
    "versionCode": 0
  },
  "4ac9e9ec-ffac-4316-852c-d6b713f7664b": {
    "url": "db://assets/resources/spr14.png",
    "value": {
      "depends": []
    },
    "versionCode": 0
  },
  "db028744-a3b3-4666-8b3e-b7c847f7c767@f9941": {
    "url": "db://assets/resources/spr1.png@f9941",
    "value": {
      "depends": [
        "db028744-a3b3-4666-8b3e-b7c847f7c767@6c48a"
      ]
    },
    "versionCode": 0
  },
  "918887ba-37f2-4c4f-9259-7f555d430447@f9941": {
    "url": "db://assets/resources/spr12.png@f9941",
    "value": {
      "depends": [
        "918887ba-37f2-4c4f-9259-7f555d430447@6c48a"
      ]
    },
    "versionCode": 0
  },
  "aa78bcb4-46b6-4ba7-ac96-dc17b00e4824@f9941": {
    "url": "db://assets/resources/spr10.png@f9941",
    "value": {
      "depends": [
        "aa78bcb4-46b6-4ba7-ac96-dc17b00e4824@6c48a"
      ]
    },
    "versionCode": 0
  },
  "9dc093be-894d-410c-9981-e5e210a9e2a0": {
    "url": "db://assets/resources/spr15.png",
    "value": {
      "depends": []
    },
    "versionCode": 0
  },
  "036d450c-bbd4-4297-9c91-6e74b9744b7c": {
    "url": "db://assets/resources/spr16.png",
    "value": {
      "depends": []
    },
    "versionCode": 0
  },
  "4a1c6a40-741e-4a6b-88a5-3a93bc71b3c2": {
    "url": "db://assets/resources/spr17.png",
    "value": {
      "depends": []
    },
    "versionCode": 0
  },
  "c84a8ce4-23f1-4bf2-9376-46e95ea05c4e@f9941": {
    "url": "db://assets/resources/spr13.png@f9941",
    "value": {
      "depends": [
        "c84a8ce4-23f1-4bf2-9376-46e95ea05c4e@6c48a"
      ]
    },
    "versionCode": 0
  },
  "ecf348b4-426d-49e8-8d5f-588301d7a01b": {
    "url": "db://assets/resources/spr18.png",
    "value": {
      "depends": []
    },
    "versionCode": 0
  },
  "4ac9e9ec-ffac-4316-852c-d6b713f7664b@6c48a": {
    "url": "db://assets/resources/spr14.png@6c48a",
    "value": {
      "depends": [
        "4ac9e9ec-ffac-4316-852c-d6b713f7664b"
      ]
    },
    "versionCode": 0
  },
  "9dc093be-894d-410c-9981-e5e210a9e2a0@6c48a": {
    "url": "db://assets/resources/spr15.png@6c48a",
    "value": {
      "depends": [
        "9dc093be-894d-410c-9981-e5e210a9e2a0"
      ]
    },
    "versionCode": 0
  },
  "036d450c-bbd4-4297-9c91-6e74b9744b7c@6c48a": {
    "url": "db://assets/resources/spr16.png@6c48a",
    "value": {
      "depends": [
        "036d450c-bbd4-4297-9c91-6e74b9744b7c"
      ]
    },
    "versionCode": 0
  },
  "4a1c6a40-741e-4a6b-88a5-3a93bc71b3c2@6c48a": {
    "url": "db://assets/resources/spr17.png@6c48a",
    "value": {
      "depends": [
        "4a1c6a40-741e-4a6b-88a5-3a93bc71b3c2"
      ]
    },
    "versionCode": 0
  },
  "ecf348b4-426d-49e8-8d5f-588301d7a01b@6c48a": {
    "url": "db://assets/resources/spr18.png@6c48a",
    "value": {
      "depends": [
        "ecf348b4-426d-49e8-8d5f-588301d7a01b"
      ]
    },
    "versionCode": 0
  },
  "4ac9e9ec-ffac-4316-852c-d6b713f7664b@f9941": {
    "url": "db://assets/resources/spr14.png@f9941",
    "value": {
      "depends": [
        "4ac9e9ec-ffac-4316-852c-d6b713f7664b@6c48a"
      ]
    },
    "versionCode": 0
  },
  "43e99de4-86e3-425f-8fcd-ec15ca306d4c": {
    "url": "db://assets/resources/spr19.png",
    "value": {
      "depends": []
    },
    "versionCode": 0
  },
  "9dc093be-894d-410c-9981-e5e210a9e2a0@f9941": {
    "url": "db://assets/resources/spr15.png@f9941",
    "value": {
      "depends": [
        "9dc093be-894d-410c-9981-e5e210a9e2a0@6c48a"
      ]
    },
    "versionCode": 0
  },
  "f968e360-a96d-48c0-ad5a-5b677b46a291": {
    "url": "db://assets/resources/spr2.png",
    "value": {
      "depends": []
    },
    "versionCode": 0
  },
  "036d450c-bbd4-4297-9c91-6e74b9744b7c@f9941": {
    "url": "db://assets/resources/spr16.png@f9941",
    "value": {
      "depends": [
        "036d450c-bbd4-4297-9c91-6e74b9744b7c@6c48a"
      ]
    },
    "versionCode": 0
  },
  "6042662e-f5c3-462b-a0a0-d2eaf29d4ed6": {
    "url": "db://assets/resources/spr20.png",
    "value": {
      "depends": []
    },
    "versionCode": 0
  },
  "4a1c6a40-741e-4a6b-88a5-3a93bc71b3c2@f9941": {
    "url": "db://assets/resources/spr17.png@f9941",
    "value": {
      "depends": [
        "4a1c6a40-741e-4a6b-88a5-3a93bc71b3c2@6c48a"
      ]
    },
    "versionCode": 0
  },
  "60587409-d503-4980-bb63-7ba6600a8e75": {
    "url": "db://assets/resources/spr21.png",
    "value": {
      "depends": []
    },
    "versionCode": 0
  },
  "ecf348b4-426d-49e8-8d5f-588301d7a01b@f9941": {
    "url": "db://assets/resources/spr18.png@f9941",
    "value": {
      "depends": [
        "ecf348b4-426d-49e8-8d5f-588301d7a01b@6c48a"
      ]
    },
    "versionCode": 0
  },
  "b16f0c55-2f4e-43cb-bff0-7545cda477d7": {
    "url": "db://assets/resources/spr22.png",
    "value": {
      "depends": []
    },
    "versionCode": 0
  },
  "43e99de4-86e3-425f-8fcd-ec15ca306d4c@6c48a": {
    "url": "db://assets/resources/spr19.png@6c48a",
    "value": {
      "depends": [
        "43e99de4-86e3-425f-8fcd-ec15ca306d4c"
      ]
    },
    "versionCode": 0
  },
  "f968e360-a96d-48c0-ad5a-5b677b46a291@6c48a": {
    "url": "db://assets/resources/spr2.png@6c48a",
    "value": {
      "depends": [
        "f968e360-a96d-48c0-ad5a-5b677b46a291"
      ]
    },
    "versionCode": 0
  },
  "6042662e-f5c3-462b-a0a0-d2eaf29d4ed6@6c48a": {
    "url": "db://assets/resources/spr20.png@6c48a",
    "value": {
      "depends": [
        "6042662e-f5c3-462b-a0a0-d2eaf29d4ed6"
      ]
    },
    "versionCode": 0
  },
  "60587409-d503-4980-bb63-7ba6600a8e75@6c48a": {
    "url": "db://assets/resources/spr21.png@6c48a",
    "value": {
      "depends": [
        "60587409-d503-4980-bb63-7ba6600a8e75"
      ]
    },
    "versionCode": 0
  },
  "b16f0c55-2f4e-43cb-bff0-7545cda477d7@6c48a": {
    "url": "db://assets/resources/spr22.png@6c48a",
    "value": {
      "depends": [
        "b16f0c55-2f4e-43cb-bff0-7545cda477d7"
      ]
    },
    "versionCode": 0
  },
  "60587409-d503-4980-bb63-7ba6600a8e75@f9941": {
    "url": "db://assets/resources/spr21.png@f9941",
    "value": {
      "depends": [
        "60587409-d503-4980-bb63-7ba6600a8e75@6c48a"
      ]
    },
    "versionCode": 0
  },
  "43e99de4-86e3-425f-8fcd-ec15ca306d4c@f9941": {
    "url": "db://assets/resources/spr19.png@f9941",
    "value": {
      "depends": [
        "43e99de4-86e3-425f-8fcd-ec15ca306d4c@6c48a"
      ]
    },
    "versionCode": 0
  },
  "6042662e-f5c3-462b-a0a0-d2eaf29d4ed6@f9941": {
    "url": "db://assets/resources/spr20.png@f9941",
    "value": {
      "depends": [
        "6042662e-f5c3-462b-a0a0-d2eaf29d4ed6@6c48a"
      ]
    },
    "versionCode": 0
  },
  "f968e360-a96d-48c0-ad5a-5b677b46a291@f9941": {
    "url": "db://assets/resources/spr2.png@f9941",
    "value": {
      "depends": [
        "f968e360-a96d-48c0-ad5a-5b677b46a291@6c48a"
      ]
    },
    "versionCode": 0
  },
  "4f0cbbe5-8662-4a75-989d-461e33350b63": {
    "url": "db://assets/resources/spr23.png",
    "value": {
      "depends": []
    },
    "versionCode": 0
  },
  "22f8934e-0630-4323-8480-ac7f9112f469": {
    "url": "db://assets/resources/spr24.png",
    "value": {
      "depends": []
    },
    "versionCode": 0
  },
  "846dbf0f-79dd-4697-bc7c-d3db43717759": {
    "url": "db://assets/resources/spr25.png",
    "value": {
      "depends": []
    },
    "versionCode": 0
  },
  "3303e711-2f24-4f23-9de8-1c4a514dcd59": {
    "url": "db://assets/resources/spr26.png",
    "value": {
      "depends": []
    },
    "versionCode": 0
  },
  "b16f0c55-2f4e-43cb-bff0-7545cda477d7@f9941": {
    "url": "db://assets/resources/spr22.png@f9941",
    "value": {
      "depends": [
        "b16f0c55-2f4e-43cb-bff0-7545cda477d7@6c48a"
      ]
    },
    "versionCode": 0
  },
  "bd67f7b3-0559-422a-b600-74a0169f88a2": {
    "url": "db://assets/resources/spr27.png",
    "value": {
      "depends": []
    },
    "versionCode": 0
  },
  "846dbf0f-79dd-4697-bc7c-d3db43717759@6c48a": {
    "url": "db://assets/resources/spr25.png@6c48a",
    "value": {
      "depends": [
        "846dbf0f-79dd-4697-bc7c-d3db43717759"
      ]
    },
    "versionCode": 0
  },
  "22f8934e-0630-4323-8480-ac7f9112f469@6c48a": {
    "url": "db://assets/resources/spr24.png@6c48a",
    "value": {
      "depends": [
        "22f8934e-0630-4323-8480-ac7f9112f469"
      ]
    },
    "versionCode": 0
  },
  "4f0cbbe5-8662-4a75-989d-461e33350b63@6c48a": {
    "url": "db://assets/resources/spr23.png@6c48a",
    "value": {
      "depends": [
        "4f0cbbe5-8662-4a75-989d-461e33350b63"
      ]
    },
    "versionCode": 0
  },
  "3303e711-2f24-4f23-9de8-1c4a514dcd59@6c48a": {
    "url": "db://assets/resources/spr26.png@6c48a",
    "value": {
      "depends": [
        "3303e711-2f24-4f23-9de8-1c4a514dcd59"
      ]
    },
    "versionCode": 0
  },
  "bd67f7b3-0559-422a-b600-74a0169f88a2@6c48a": {
    "url": "db://assets/resources/spr27.png@6c48a",
    "value": {
      "depends": [
        "bd67f7b3-0559-422a-b600-74a0169f88a2"
      ]
    },
    "versionCode": 0
  },
  "4f0cbbe5-8662-4a75-989d-461e33350b63@f9941": {
    "url": "db://assets/resources/spr23.png@f9941",
    "value": {
      "depends": [
        "4f0cbbe5-8662-4a75-989d-461e33350b63@6c48a"
      ]
    },
    "versionCode": 0
  },
  "3cff73c5-60a7-4b61-95a1-45760ecd4dad": {
    "url": "db://assets/resources/spr28.png",
    "value": {
      "depends": []
    },
    "versionCode": 0
  },
  "22f8934e-0630-4323-8480-ac7f9112f469@f9941": {
    "url": "db://assets/resources/spr24.png@f9941",
    "value": {
      "depends": [
        "22f8934e-0630-4323-8480-ac7f9112f469@6c48a"
      ]
    },
    "versionCode": 0
  },
  "01e709e5-6ac3-406d-a9de-8446de4bae7e": {
    "url": "db://assets/resources/spr29.png",
    "value": {
      "depends": []
    },
    "versionCode": 0
  },
  "846dbf0f-79dd-4697-bc7c-d3db43717759@f9941": {
    "url": "db://assets/resources/spr25.png@f9941",
    "value": {
      "depends": [
        "846dbf0f-79dd-4697-bc7c-d3db43717759@6c48a"
      ]
    },
    "versionCode": 0
  },
  "059e3300-dd41-4fea-ab21-c7e193460442": {
    "url": "db://assets/resources/spr3.png",
    "value": {
      "depends": []
    },
    "versionCode": 0
  },
  "3303e711-2f24-4f23-9de8-1c4a514dcd59@f9941": {
    "url": "db://assets/resources/spr26.png@f9941",
    "value": {
      "depends": [
        "3303e711-2f24-4f23-9de8-1c4a514dcd59@6c48a"
      ]
    },
    "versionCode": 0
  },
  "4aec72bc-fe58-428e-ac5d-6dd3ce62833c": {
    "url": "db://assets/resources/spr30.png",
    "value": {
      "depends": []
    },
    "versionCode": 0
  },
  "bd67f7b3-0559-422a-b600-74a0169f88a2@f9941": {
    "url": "db://assets/resources/spr27.png@f9941",
    "value": {
      "depends": [
        "bd67f7b3-0559-422a-b600-74a0169f88a2@6c48a"
      ]
    },
    "versionCode": 0
  },
  "da90b028-3eab-45a1-88e0-a8ba49cb2315": {
    "url": "db://assets/resources/spr31.png",
    "value": {
      "depends": []
    },
    "versionCode": 0
  },
  "3cff73c5-60a7-4b61-95a1-45760ecd4dad@6c48a": {
    "url": "db://assets/resources/spr28.png@6c48a",
    "value": {
      "depends": [
        "3cff73c5-60a7-4b61-95a1-45760ecd4dad"
      ]
    },
    "versionCode": 0
  },
  "01e709e5-6ac3-406d-a9de-8446de4bae7e@6c48a": {
    "url": "db://assets/resources/spr29.png@6c48a",
    "value": {
      "depends": [
        "01e709e5-6ac3-406d-a9de-8446de4bae7e"
      ]
    },
    "versionCode": 0
  },
  "059e3300-dd41-4fea-ab21-c7e193460442@6c48a": {
    "url": "db://assets/resources/spr3.png@6c48a",
    "value": {
      "depends": [
        "059e3300-dd41-4fea-ab21-c7e193460442"
      ]
    },
    "versionCode": 0
  },
  "4aec72bc-fe58-428e-ac5d-6dd3ce62833c@6c48a": {
    "url": "db://assets/resources/spr30.png@6c48a",
    "value": {
      "depends": [
        "4aec72bc-fe58-428e-ac5d-6dd3ce62833c"
      ]
    },
    "versionCode": 0
  },
  "3cff73c5-60a7-4b61-95a1-45760ecd4dad@f9941": {
    "url": "db://assets/resources/spr28.png@f9941",
    "value": {
      "depends": [
        "3cff73c5-60a7-4b61-95a1-45760ecd4dad@6c48a"
      ]
    },
    "versionCode": 0
  },
  "c24760d1-6477-4504-bb92-19c987eacaad": {
    "url": "db://assets/resources/spr32.png",
    "value": {
      "depends": []
    },
    "versionCode": 0
  },
  "da90b028-3eab-45a1-88e0-a8ba49cb2315@6c48a": {
    "url": "db://assets/resources/spr31.png@6c48a",
    "value": {
      "depends": [
        "da90b028-3eab-45a1-88e0-a8ba49cb2315"
      ]
    },
    "versionCode": 0
  },
  "01e709e5-6ac3-406d-a9de-8446de4bae7e@f9941": {
    "url": "db://assets/resources/spr29.png@f9941",
    "value": {
      "depends": [
        "01e709e5-6ac3-406d-a9de-8446de4bae7e@6c48a"
      ]
    },
    "versionCode": 0
  },
  "a7253068-5aa2-47e4-b227-bf38d50b7110": {
    "url": "db://assets/resources/spr33.png",
    "value": {
      "depends": []
    },
    "versionCode": 0
  },
  "4aec72bc-fe58-428e-ac5d-6dd3ce62833c@f9941": {
    "url": "db://assets/resources/spr30.png@f9941",
    "value": {
      "depends": [
        "4aec72bc-fe58-428e-ac5d-6dd3ce62833c@6c48a"
      ]
    },
    "versionCode": 0
  },
  "059e3300-dd41-4fea-ab21-c7e193460442@f9941": {
    "url": "db://assets/resources/spr3.png@f9941",
    "value": {
      "depends": [
        "059e3300-dd41-4fea-ab21-c7e193460442@6c48a"
      ]
    },
    "versionCode": 0
  },
  "fe84674f-a686-4133-b3ff-1dc6e8c5afe6": {
    "url": "db://assets/resources/spr34.png",
    "value": {
      "depends": []
    },
    "versionCode": 0
  },
  "3c895955-afe8-4d45-be9c-7a996b7255ac": {
    "url": "db://assets/resources/spr35.png",
    "value": {
      "depends": []
    },
    "versionCode": 0
  },
  "da90b028-3eab-45a1-88e0-a8ba49cb2315@f9941": {
    "url": "db://assets/resources/spr31.png@f9941",
    "value": {
      "depends": [
        "da90b028-3eab-45a1-88e0-a8ba49cb2315@6c48a"
      ]
    },
    "versionCode": 0
  },
  "7e9e6a03-d9eb-4628-b979-d55d529796b0": {
    "url": "db://assets/resources/spr36.png",
    "value": {
      "depends": []
    },
    "versionCode": 0
  },
  "a7253068-5aa2-47e4-b227-bf38d50b7110@6c48a": {
    "url": "db://assets/resources/spr33.png@6c48a",
    "value": {
      "depends": [
        "a7253068-5aa2-47e4-b227-bf38d50b7110"
      ]
    },
    "versionCode": 0
  },
  "c24760d1-6477-4504-bb92-19c987eacaad@6c48a": {
    "url": "db://assets/resources/spr32.png@6c48a",
    "value": {
      "depends": [
        "c24760d1-6477-4504-bb92-19c987eacaad"
      ]
    },
    "versionCode": 0
  },
  "fe84674f-a686-4133-b3ff-1dc6e8c5afe6@6c48a": {
    "url": "db://assets/resources/spr34.png@6c48a",
    "value": {
      "depends": [
        "fe84674f-a686-4133-b3ff-1dc6e8c5afe6"
      ]
    },
    "versionCode": 0
  },
  "3c895955-afe8-4d45-be9c-7a996b7255ac@6c48a": {
    "url": "db://assets/resources/spr35.png@6c48a",
    "value": {
      "depends": [
        "3c895955-afe8-4d45-be9c-7a996b7255ac"
      ]
    },
    "versionCode": 0
  },
  "7e9e6a03-d9eb-4628-b979-d55d529796b0@6c48a": {
    "url": "db://assets/resources/spr36.png@6c48a",
    "value": {
      "depends": [
        "7e9e6a03-d9eb-4628-b979-d55d529796b0"
      ]
    },
    "versionCode": 0
  },
  "a7253068-5aa2-47e4-b227-bf38d50b7110@f9941": {
    "url": "db://assets/resources/spr33.png@f9941",
    "value": {
      "depends": [
        "a7253068-5aa2-47e4-b227-bf38d50b7110@6c48a"
      ]
    },
    "versionCode": 0
  },
  "13f1e9f6-1745-490f-a04b-bc7604576c62": {
    "url": "db://assets/resources/spr37.png",
    "value": {
      "depends": []
    },
    "versionCode": 0
  },
  "fe84674f-a686-4133-b3ff-1dc6e8c5afe6@f9941": {
    "url": "db://assets/resources/spr34.png@f9941",
    "value": {
      "depends": [
        "fe84674f-a686-4133-b3ff-1dc6e8c5afe6@6c48a"
      ]
    },
    "versionCode": 0
  },
  "a068f759-72ae-4457-abed-b98449dc4768": {
    "url": "db://assets/resources/spr38.png",
    "value": {
      "depends": []
    },
    "versionCode": 0
  },
  "c24760d1-6477-4504-bb92-19c987eacaad@f9941": {
    "url": "db://assets/resources/spr32.png@f9941",
    "value": {
      "depends": [
        "c24760d1-6477-4504-bb92-19c987eacaad@6c48a"
      ]
    },
    "versionCode": 0
  },
  "1239f143-1736-4111-b869-c15fddedcf5b": {
    "url": "db://assets/resources/spr39.png",
    "value": {
      "depends": []
    },
    "versionCode": 0
  },
  "3c895955-afe8-4d45-be9c-7a996b7255ac@f9941": {
    "url": "db://assets/resources/spr35.png@f9941",
    "value": {
      "depends": [
        "3c895955-afe8-4d45-be9c-7a996b7255ac@6c48a"
      ]
    },
    "versionCode": 0
  },
  "b3de6853-eac9-400d-8e56-7dc75ea6b6df": {
    "url": "db://assets/resources/spr4.png",
    "value": {
      "depends": []
    },
    "versionCode": 0
  },
  "7e9e6a03-d9eb-4628-b979-d55d529796b0@f9941": {
    "url": "db://assets/resources/spr36.png@f9941",
    "value": {
      "depends": [
        "7e9e6a03-d9eb-4628-b979-d55d529796b0@6c48a"
      ]
    },
    "versionCode": 0
  },
  "f043ea1e-0878-45ab-9d2e-c78f7ea69601": {
    "url": "db://assets/resources/spr40.png",
    "value": {
      "depends": []
    },
    "versionCode": 0
  },
  "13f1e9f6-1745-490f-a04b-bc7604576c62@6c48a": {
    "url": "db://assets/resources/spr37.png@6c48a",
    "value": {
      "depends": [
        "13f1e9f6-1745-490f-a04b-bc7604576c62"
      ]
    },
    "versionCode": 0
  },
  "a068f759-72ae-4457-abed-b98449dc4768@6c48a": {
    "url": "db://assets/resources/spr38.png@6c48a",
    "value": {
      "depends": [
        "a068f759-72ae-4457-abed-b98449dc4768"
      ]
    },
    "versionCode": 0
  },
  "1239f143-1736-4111-b869-c15fddedcf5b@6c48a": {
    "url": "db://assets/resources/spr39.png@6c48a",
    "value": {
      "depends": [
        "1239f143-1736-4111-b869-c15fddedcf5b"
      ]
    },
    "versionCode": 0
  },
  "b3de6853-eac9-400d-8e56-7dc75ea6b6df@6c48a": {
    "url": "db://assets/resources/spr4.png@6c48a",
    "value": {
      "depends": [
        "b3de6853-eac9-400d-8e56-7dc75ea6b6df"
      ]
    },
    "versionCode": 0
  },
  "13f1e9f6-1745-490f-a04b-bc7604576c62@f9941": {
    "url": "db://assets/resources/spr37.png@f9941",
    "value": {
      "depends": [
        "13f1e9f6-1745-490f-a04b-bc7604576c62@6c48a"
      ]
    },
    "versionCode": 0
  },
  "5705c36f-d06c-4c73-9d77-0859b218d1c0": {
    "url": "db://assets/resources/spr41.png",
    "value": {
      "depends": []
    },
    "versionCode": 0
  },
  "a068f759-72ae-4457-abed-b98449dc4768@f9941": {
    "url": "db://assets/resources/spr38.png@f9941",
    "value": {
      "depends": [
        "a068f759-72ae-4457-abed-b98449dc4768@6c48a"
      ]
    },
    "versionCode": 0
  },
  "f043ea1e-0878-45ab-9d2e-c78f7ea69601@6c48a": {
    "url": "db://assets/resources/spr40.png@6c48a",
    "value": {
      "depends": [
        "f043ea1e-0878-45ab-9d2e-c78f7ea69601"
      ]
    },
    "versionCode": 0
  },
  "41b19144-3d25-41e6-ae3a-fe127673ac1e": {
    "url": "db://assets/resources/spr42.png",
    "value": {
      "depends": []
    },
    "versionCode": 0
  },
  "1239f143-1736-4111-b869-c15fddedcf5b@f9941": {
    "url": "db://assets/resources/spr39.png@f9941",
    "value": {
      "depends": [
        "1239f143-1736-4111-b869-c15fddedcf5b@6c48a"
      ]
    },
    "versionCode": 0
  },
  "f654b665-c6a5-49c9-9724-2e42ff2a3d4c": {
    "url": "db://assets/resources/spr5.png",
    "value": {
      "depends": []
    },
    "versionCode": 0
  },
  "b3de6853-eac9-400d-8e56-7dc75ea6b6df@f9941": {
    "url": "db://assets/resources/spr4.png@f9941",
    "value": {
      "depends": [
        "b3de6853-eac9-400d-8e56-7dc75ea6b6df@6c48a"
      ]
    },
    "versionCode": 0
  },
  "4e566dad-60dd-46d0-bc8f-8a4dac29c703": {
    "url": "db://assets/resources/spr6.png",
    "value": {
      "depends": []
    },
    "versionCode": 0
  },
  "f043ea1e-0878-45ab-9d2e-c78f7ea69601@f9941": {
    "url": "db://assets/resources/spr40.png@f9941",
    "value": {
      "depends": [
        "f043ea1e-0878-45ab-9d2e-c78f7ea69601@6c48a"
      ]
    },
    "versionCode": 0
  },
  "23a14a2f-92a0-41b1-976f-0c27abb29e72": {
    "url": "db://assets/resources/spr7.png",
    "value": {
      "depends": []
    },
    "versionCode": 0
  },
  "41b19144-3d25-41e6-ae3a-fe127673ac1e@6c48a": {
    "url": "db://assets/resources/spr42.png@6c48a",
    "value": {
      "depends": [
        "41b19144-3d25-41e6-ae3a-fe127673ac1e"
      ]
    },
    "versionCode": 0
  },
  "5705c36f-d06c-4c73-9d77-0859b218d1c0@6c48a": {
    "url": "db://assets/resources/spr41.png@6c48a",
    "value": {
      "depends": [
        "5705c36f-d06c-4c73-9d77-0859b218d1c0"
      ]
    },
    "versionCode": 0
  },
  "f654b665-c6a5-49c9-9724-2e42ff2a3d4c@6c48a": {
    "url": "db://assets/resources/spr5.png@6c48a",
    "value": {
      "depends": [
        "f654b665-c6a5-49c9-9724-2e42ff2a3d4c"
      ]
    },
    "versionCode": 0
  },
  "4e566dad-60dd-46d0-bc8f-8a4dac29c703@6c48a": {
    "url": "db://assets/resources/spr6.png@6c48a",
    "value": {
      "depends": [
        "4e566dad-60dd-46d0-bc8f-8a4dac29c703"
      ]
    },
    "versionCode": 0
  },
  "5705c36f-d06c-4c73-9d77-0859b218d1c0@f9941": {
    "url": "db://assets/resources/spr41.png@f9941",
    "value": {
      "depends": [
        "5705c36f-d06c-4c73-9d77-0859b218d1c0@6c48a"
      ]
    },
    "versionCode": 0
  },
  "23a14a2f-92a0-41b1-976f-0c27abb29e72@6c48a": {
    "url": "db://assets/resources/spr7.png@6c48a",
    "value": {
      "depends": [
        "23a14a2f-92a0-41b1-976f-0c27abb29e72"
      ]
    },
    "versionCode": 0
  },
  "f12c07fb-7a83-4d00-9f86-e122cbb3d0f3": {
    "url": "db://assets/resources/spr8.png",
    "value": {
      "depends": []
    },
    "versionCode": 0
  },
  "41b19144-3d25-41e6-ae3a-fe127673ac1e@f9941": {
    "url": "db://assets/resources/spr42.png@f9941",
    "value": {
      "depends": [
        "41b19144-3d25-41e6-ae3a-fe127673ac1e@6c48a"
      ]
    },
    "versionCode": 0
  },
  "d8303d1f-45a4-4d00-b903-8e8840d32ea0": {
    "url": "db://assets/resources/spr9.png",
    "value": {
      "depends": []
    },
    "versionCode": 0
  },
  "f654b665-c6a5-49c9-9724-2e42ff2a3d4c@f9941": {
    "url": "db://assets/resources/spr5.png@f9941",
    "value": {
      "depends": [
        "f654b665-c6a5-49c9-9724-2e42ff2a3d4c@6c48a"
      ]
    },
    "versionCode": 0
  },
  "4e566dad-60dd-46d0-bc8f-8a4dac29c703@f9941": {
    "url": "db://assets/resources/spr6.png@f9941",
    "value": {
      "depends": [
        "4e566dad-60dd-46d0-bc8f-8a4dac29c703@6c48a"
      ]
    },
    "versionCode": 0
  },
  "23a14a2f-92a0-41b1-976f-0c27abb29e72@f9941": {
    "url": "db://assets/resources/spr7.png@f9941",
    "value": {
      "depends": [
        "23a14a2f-92a0-41b1-976f-0c27abb29e72@6c48a"
      ]
    },
    "versionCode": 0
  },
  "a17894a0-a3aa-40fc-94c3-7065148de3aa": {
    "url": "db://assets/resources/sprAtlas.png",
    "value": {
      "depends": []
    },
    "versionCode": 0
  },
  "b8c57f82-4427-4875-a5ba-60506e9c6b43": {
    "url": "db://assets/scenes/main.scene",
    "value": {
      "depends": [
        "b8c57f82-4427-4875-a5ba-60506e9c6b43",
        "17676fa6-5a21-43ca-b7d8-c0cd768dd8e5@f9941",
        "3409a2d6-ba5e-47bd-8370-c44c18f13c30@f9941",
        "7d8f9b89-4fd1-4c9f-a3ab-38ec7cded7ca@f9941",
        "aeb76326-4862-4be5-88bd-c4054201343c@f9941",
        "2d0ee739-9eac-41be-a75b-f159af713d04@f9941",
        "43f0912e-9fb9-4e94-8633-242a28f99281"
      ],
      "dependScripts": [
        "bcdda128-1545-42d8-8fdc-2a00f6c51a33"
      ]
    },
    "versionCode": 0
  },
  "43f0912e-9fb9-4e94-8633-242a28f99281": {
    "url": "db://assets/resources/sprAtlas.plist",
    "value": {
      "depends": [
        "43f0912e-9fb9-4e94-8633-242a28f99281@9d9fc",
        "43f0912e-9fb9-4e94-8633-242a28f99281@917e6",
        "43f0912e-9fb9-4e94-8633-242a28f99281@c48e8",
        "43f0912e-9fb9-4e94-8633-242a28f99281@e584e",
        "43f0912e-9fb9-4e94-8633-242a28f99281@718e7",
        "43f0912e-9fb9-4e94-8633-242a28f99281@e3271",
        "43f0912e-9fb9-4e94-8633-242a28f99281@ef613",
        "43f0912e-9fb9-4e94-8633-242a28f99281@d5510",
        "43f0912e-9fb9-4e94-8633-242a28f99281@98467",
        "43f0912e-9fb9-4e94-8633-242a28f99281@40b89",
        "43f0912e-9fb9-4e94-8633-242a28f99281@09c0a",
        "43f0912e-9fb9-4e94-8633-242a28f99281@8855d",
        "43f0912e-9fb9-4e94-8633-242a28f99281@15d68",
        "43f0912e-9fb9-4e94-8633-242a28f99281@a9b09",
        "43f0912e-9fb9-4e94-8633-242a28f99281@33e89",
        "43f0912e-9fb9-4e94-8633-242a28f99281@80253",
        "43f0912e-9fb9-4e94-8633-242a28f99281@c0eb5",
        "43f0912e-9fb9-4e94-8633-242a28f99281@df12e",
        "43f0912e-9fb9-4e94-8633-242a28f99281@e82dc",
        "43f0912e-9fb9-4e94-8633-242a28f99281@91f15",
        "43f0912e-9fb9-4e94-8633-242a28f99281@afd07",
        "43f0912e-9fb9-4e94-8633-242a28f99281@4cf89",
        "43f0912e-9fb9-4e94-8633-242a28f99281@7d816",
        "43f0912e-9fb9-4e94-8633-242a28f99281@469cf",
        "43f0912e-9fb9-4e94-8633-242a28f99281@4859a",
        "43f0912e-9fb9-4e94-8633-242a28f99281@c0bdb",
        "43f0912e-9fb9-4e94-8633-242a28f99281@33760",
        "43f0912e-9fb9-4e94-8633-242a28f99281@00216",
        "43f0912e-9fb9-4e94-8633-242a28f99281@fc484",
        "43f0912e-9fb9-4e94-8633-242a28f99281@ed11b",
        "43f0912e-9fb9-4e94-8633-242a28f99281@cb8ad",
        "43f0912e-9fb9-4e94-8633-242a28f99281@83c6e",
        "43f0912e-9fb9-4e94-8633-242a28f99281@5312e",
        "43f0912e-9fb9-4e94-8633-242a28f99281@77581",
        "43f0912e-9fb9-4e94-8633-242a28f99281@ea859",
        "43f0912e-9fb9-4e94-8633-242a28f99281@a7037",
        "43f0912e-9fb9-4e94-8633-242a28f99281@640cb",
        "43f0912e-9fb9-4e94-8633-242a28f99281@5bc67",
        "43f0912e-9fb9-4e94-8633-242a28f99281@cc41f",
        "43f0912e-9fb9-4e94-8633-242a28f99281@1417f",
        "43f0912e-9fb9-4e94-8633-242a28f99281@2b491",
        "43f0912e-9fb9-4e94-8633-242a28f99281@ceeb6"
      ]
    },
    "versionCode": 0
  },
  "43f0912e-9fb9-4e94-8633-242a28f99281@33760": {
    "url": "db://assets/resources/sprAtlas.plist@33760",
    "value": {
      "depends": [
        "a17894a0-a3aa-40fc-94c3-7065148de3aa@6c48a"
      ]
    },
    "versionCode": 0
  },
  "f12c07fb-7a83-4d00-9f86-e122cbb3d0f3@6c48a": {
    "url": "db://assets/resources/spr8.png@6c48a",
    "value": {
      "depends": [
        "f12c07fb-7a83-4d00-9f86-e122cbb3d0f3"
      ]
    },
    "versionCode": 0
  },
  "43f0912e-9fb9-4e94-8633-242a28f99281@77581": {
    "url": "db://assets/resources/sprAtlas.plist@77581",
    "value": {
      "depends": [
        "a17894a0-a3aa-40fc-94c3-7065148de3aa@6c48a"
      ]
    },
    "versionCode": 0
  },
  "d8303d1f-45a4-4d00-b903-8e8840d32ea0@6c48a": {
    "url": "db://assets/resources/spr9.png@6c48a",
    "value": {
      "depends": [
        "d8303d1f-45a4-4d00-b903-8e8840d32ea0"
      ]
    },
    "versionCode": 0
  },
  "43f0912e-9fb9-4e94-8633-242a28f99281@80253": {
    "url": "db://assets/resources/sprAtlas.plist@80253",
    "value": {
      "depends": [
        "a17894a0-a3aa-40fc-94c3-7065148de3aa@6c48a"
      ]
    },
    "versionCode": 0
  },
  "f12c07fb-7a83-4d00-9f86-e122cbb3d0f3@f9941": {
    "url": "db://assets/resources/spr8.png@f9941",
    "value": {
      "depends": [
        "f12c07fb-7a83-4d00-9f86-e122cbb3d0f3@6c48a"
      ]
    },
    "versionCode": 0
  },
  "aeb76326-4862-4be5-88bd-c4054201343c": {
    "url": "db://assets/texture/5.png",
    "value": {
      "depends": []
    },
    "versionCode": 0
  },
  "43f0912e-9fb9-4e94-8633-242a28f99281@98467": {
    "url": "db://assets/resources/sprAtlas.plist@98467",
    "value": {
      "depends": [
        "a17894a0-a3aa-40fc-94c3-7065148de3aa@6c48a"
      ]
    },
    "versionCode": 0
  },
  "d8303d1f-45a4-4d00-b903-8e8840d32ea0@f9941": {
    "url": "db://assets/resources/spr9.png@f9941",
    "value": {
      "depends": [
        "d8303d1f-45a4-4d00-b903-8e8840d32ea0@6c48a"
      ]
    },
    "versionCode": 0
  },
  "17676fa6-5a21-43ca-b7d8-c0cd768dd8e5": {
    "url": "db://assets/texture/bg.png",
    "value": {
      "depends": []
    },
    "versionCode": 0
  },
  "3409a2d6-ba5e-47bd-8370-c44c18f13c30": {
    "url": "db://assets/texture/bg2.png",
    "value": {
      "depends": []
    },
    "versionCode": 0
  },
  "43f0912e-9fb9-4e94-8633-242a28f99281@9d9fc": {
    "url": "db://assets/resources/sprAtlas.plist@9d9fc",
    "value": {
      "depends": [
        "a17894a0-a3aa-40fc-94c3-7065148de3aa@6c48a"
      ]
    },
    "versionCode": 0
  },
  "43f0912e-9fb9-4e94-8633-242a28f99281@917e6": {
    "url": "db://assets/resources/sprAtlas.plist@917e6",
    "value": {
      "depends": [
        "a17894a0-a3aa-40fc-94c3-7065148de3aa@6c48a"
      ]
    },
    "versionCode": 0
  },
  "43f0912e-9fb9-4e94-8633-242a28f99281@c48e8": {
    "url": "db://assets/resources/sprAtlas.plist@c48e8",
    "value": {
      "depends": [
        "a17894a0-a3aa-40fc-94c3-7065148de3aa@6c48a"
      ]
    },
    "versionCode": 0
  },
  "43f0912e-9fb9-4e94-8633-242a28f99281@e584e": {
    "url": "db://assets/resources/sprAtlas.plist@e584e",
    "value": {
      "depends": [
        "a17894a0-a3aa-40fc-94c3-7065148de3aa@6c48a"
      ]
    },
    "versionCode": 0
  },
  "43f0912e-9fb9-4e94-8633-242a28f99281@718e7": {
    "url": "db://assets/resources/sprAtlas.plist@718e7",
    "value": {
      "depends": [
        "a17894a0-a3aa-40fc-94c3-7065148de3aa@6c48a"
      ]
    },
    "versionCode": 0
  },
  "a17894a0-a3aa-40fc-94c3-7065148de3aa@6c48a": {
    "url": "db://assets/resources/sprAtlas.png@6c48a",
    "value": {
      "depends": [
        "a17894a0-a3aa-40fc-94c3-7065148de3aa"
      ]
    },
    "versionCode": 0
  },
  "43f0912e-9fb9-4e94-8633-242a28f99281@e3271": {
    "url": "db://assets/resources/sprAtlas.plist@e3271",
    "value": {
      "depends": [
        "a17894a0-a3aa-40fc-94c3-7065148de3aa@6c48a"
      ]
    },
    "versionCode": 0
  },
  "43f0912e-9fb9-4e94-8633-242a28f99281@ef613": {
    "url": "db://assets/resources/sprAtlas.plist@ef613",
    "value": {
      "depends": [
        "a17894a0-a3aa-40fc-94c3-7065148de3aa@6c48a"
      ]
    },
    "versionCode": 0
  },
  "43f0912e-9fb9-4e94-8633-242a28f99281@d5510": {
    "url": "db://assets/resources/sprAtlas.plist@d5510",
    "value": {
      "depends": [
        "a17894a0-a3aa-40fc-94c3-7065148de3aa@6c48a"
      ]
    },
    "versionCode": 0
  },
  "43f0912e-9fb9-4e94-8633-242a28f99281@40b89": {
    "url": "db://assets/resources/sprAtlas.plist@40b89",
    "value": {
      "depends": [
        "a17894a0-a3aa-40fc-94c3-7065148de3aa@6c48a"
      ]
    },
    "versionCode": 0
  },
  "17676fa6-5a21-43ca-b7d8-c0cd768dd8e5@6c48a": {
    "url": "db://assets/texture/bg.png@6c48a",
    "value": {
      "depends": [
        "17676fa6-5a21-43ca-b7d8-c0cd768dd8e5"
      ]
    },
    "versionCode": 0
  },
  "a17894a0-a3aa-40fc-94c3-7065148de3aa@f9941": {
    "url": "db://assets/resources/sprAtlas.png@f9941",
    "value": {
      "depends": [
        "a17894a0-a3aa-40fc-94c3-7065148de3aa@6c48a"
      ]
    },
    "versionCode": 0
  },
  "2d0ee739-9eac-41be-a75b-f159af713d04": {
    "url": "db://assets/texture/b_Forward2.png",
    "value": {
      "depends": []
    },
    "versionCode": 0
  },
  "43f0912e-9fb9-4e94-8633-242a28f99281@09c0a": {
    "url": "db://assets/resources/sprAtlas.plist@09c0a",
    "value": {
      "depends": [
        "a17894a0-a3aa-40fc-94c3-7065148de3aa@6c48a"
      ]
    },
    "versionCode": 0
  },
  "aeb76326-4862-4be5-88bd-c4054201343c@6c48a": {
    "url": "db://assets/texture/5.png@6c48a",
    "value": {
      "depends": [
        "aeb76326-4862-4be5-88bd-c4054201343c"
      ]
    },
    "versionCode": 0
  },
  "43f0912e-9fb9-4e94-8633-242a28f99281@8855d": {
    "url": "db://assets/resources/sprAtlas.plist@8855d",
    "value": {
      "depends": [
        "a17894a0-a3aa-40fc-94c3-7065148de3aa@6c48a"
      ]
    },
    "versionCode": 0
  },
  "43f0912e-9fb9-4e94-8633-242a28f99281@15d68": {
    "url": "db://assets/resources/sprAtlas.plist@15d68",
    "value": {
      "depends": [
        "a17894a0-a3aa-40fc-94c3-7065148de3aa@6c48a"
      ]
    },
    "versionCode": 0
  },
  "3409a2d6-ba5e-47bd-8370-c44c18f13c30@6c48a": {
    "url": "db://assets/texture/bg2.png@6c48a",
    "value": {
      "depends": [
        "3409a2d6-ba5e-47bd-8370-c44c18f13c30"
      ]
    },
    "versionCode": 0
  },
  "43f0912e-9fb9-4e94-8633-242a28f99281@a9b09": {
    "url": "db://assets/resources/sprAtlas.plist@a9b09",
    "value": {
      "depends": [
        "a17894a0-a3aa-40fc-94c3-7065148de3aa@6c48a"
      ]
    },
    "versionCode": 0
  },
  "43f0912e-9fb9-4e94-8633-242a28f99281@33e89": {
    "url": "db://assets/resources/sprAtlas.plist@33e89",
    "value": {
      "depends": [
        "a17894a0-a3aa-40fc-94c3-7065148de3aa@6c48a"
      ]
    },
    "versionCode": 0
  },
  "aeb76326-4862-4be5-88bd-c4054201343c@f9941": {
    "url": "db://assets/texture/5.png@f9941",
    "value": {
      "depends": [
        "aeb76326-4862-4be5-88bd-c4054201343c@6c48a"
      ]
    },
    "versionCode": 0
  },
  "43f0912e-9fb9-4e94-8633-242a28f99281@c0eb5": {
    "url": "db://assets/resources/sprAtlas.plist@c0eb5",
    "value": {
      "depends": [
        "a17894a0-a3aa-40fc-94c3-7065148de3aa@6c48a"
      ]
    },
    "versionCode": 0
  },
  "43f0912e-9fb9-4e94-8633-242a28f99281@df12e": {
    "url": "db://assets/resources/sprAtlas.plist@df12e",
    "value": {
      "depends": [
        "a17894a0-a3aa-40fc-94c3-7065148de3aa@6c48a"
      ]
    },
    "versionCode": 0
  },
  "43f0912e-9fb9-4e94-8633-242a28f99281@e82dc": {
    "url": "db://assets/resources/sprAtlas.plist@e82dc",
    "value": {
      "depends": [
        "a17894a0-a3aa-40fc-94c3-7065148de3aa@6c48a"
      ]
    },
    "versionCode": 0
  },
  "2d0ee739-9eac-41be-a75b-f159af713d04@6c48a": {
    "url": "db://assets/texture/b_Forward2.png@6c48a",
    "value": {
      "depends": [
        "2d0ee739-9eac-41be-a75b-f159af713d04"
      ]
    },
    "versionCode": 0
  },
  "43f0912e-9fb9-4e94-8633-242a28f99281@91f15": {
    "url": "db://assets/resources/sprAtlas.plist@91f15",
    "value": {
      "depends": [
        "a17894a0-a3aa-40fc-94c3-7065148de3aa@6c48a"
      ]
    },
    "versionCode": 0
  },
  "43f0912e-9fb9-4e94-8633-242a28f99281@afd07": {
    "url": "db://assets/resources/sprAtlas.plist@afd07",
    "value": {
      "depends": [
        "a17894a0-a3aa-40fc-94c3-7065148de3aa@6c48a"
      ]
    },
    "versionCode": 0
  },
  "2d0ee739-9eac-41be-a75b-f159af713d04@f9941": {
    "url": "db://assets/texture/b_Forward2.png@f9941",
    "value": {
      "depends": [
        "2d0ee739-9eac-41be-a75b-f159af713d04@6c48a"
      ]
    },
    "versionCode": 0
  },
  "43f0912e-9fb9-4e94-8633-242a28f99281@4cf89": {
    "url": "db://assets/resources/sprAtlas.plist@4cf89",
    "value": {
      "depends": [
        "a17894a0-a3aa-40fc-94c3-7065148de3aa@6c48a"
      ]
    },
    "versionCode": 0
  },
  "43f0912e-9fb9-4e94-8633-242a28f99281@7d816": {
    "url": "db://assets/resources/sprAtlas.plist@7d816",
    "value": {
      "depends": [
        "a17894a0-a3aa-40fc-94c3-7065148de3aa@6c48a"
      ]
    },
    "versionCode": 0
  },
  "43f0912e-9fb9-4e94-8633-242a28f99281@469cf": {
    "url": "db://assets/resources/sprAtlas.plist@469cf",
    "value": {
      "depends": [
        "a17894a0-a3aa-40fc-94c3-7065148de3aa@6c48a"
      ]
    },
    "versionCode": 0
  },
  "43f0912e-9fb9-4e94-8633-242a28f99281@4859a": {
    "url": "db://assets/resources/sprAtlas.plist@4859a",
    "value": {
      "depends": [
        "a17894a0-a3aa-40fc-94c3-7065148de3aa@6c48a"
      ]
    },
    "versionCode": 0
  },
  "43f0912e-9fb9-4e94-8633-242a28f99281@c0bdb": {
    "url": "db://assets/resources/sprAtlas.plist@c0bdb",
    "value": {
      "depends": [
        "a17894a0-a3aa-40fc-94c3-7065148de3aa@6c48a"
      ]
    },
    "versionCode": 0
  },
  "43f0912e-9fb9-4e94-8633-242a28f99281@00216": {
    "url": "db://assets/resources/sprAtlas.plist@00216",
    "value": {
      "depends": [
        "a17894a0-a3aa-40fc-94c3-7065148de3aa@6c48a"
      ]
    },
    "versionCode": 0
  },
  "43f0912e-9fb9-4e94-8633-242a28f99281@fc484": {
    "url": "db://assets/resources/sprAtlas.plist@fc484",
    "value": {
      "depends": [
        "a17894a0-a3aa-40fc-94c3-7065148de3aa@6c48a"
      ]
    },
    "versionCode": 0
  },
  "43f0912e-9fb9-4e94-8633-242a28f99281@ed11b": {
    "url": "db://assets/resources/sprAtlas.plist@ed11b",
    "value": {
      "depends": [
        "a17894a0-a3aa-40fc-94c3-7065148de3aa@6c48a"
      ]
    },
    "versionCode": 0
  },
  "17676fa6-5a21-43ca-b7d8-c0cd768dd8e5@f9941": {
    "url": "db://assets/texture/bg.png@f9941",
    "value": {
      "depends": [
        "17676fa6-5a21-43ca-b7d8-c0cd768dd8e5@6c48a"
      ]
    },
    "versionCode": 0
  },
  "43f0912e-9fb9-4e94-8633-242a28f99281@cb8ad": {
    "url": "db://assets/resources/sprAtlas.plist@cb8ad",
    "value": {
      "depends": [
        "a17894a0-a3aa-40fc-94c3-7065148de3aa@6c48a"
      ]
    },
    "versionCode": 0
  },
  "43f0912e-9fb9-4e94-8633-242a28f99281@83c6e": {
    "url": "db://assets/resources/sprAtlas.plist@83c6e",
    "value": {
      "depends": [
        "a17894a0-a3aa-40fc-94c3-7065148de3aa@6c48a"
      ]
    },
    "versionCode": 0
  },
  "43f0912e-9fb9-4e94-8633-242a28f99281@5312e": {
    "url": "db://assets/resources/sprAtlas.plist@5312e",
    "value": {
      "depends": [
        "a17894a0-a3aa-40fc-94c3-7065148de3aa@6c48a"
      ]
    },
    "versionCode": 0
  },
  "43f0912e-9fb9-4e94-8633-242a28f99281@ea859": {
    "url": "db://assets/resources/sprAtlas.plist@ea859",
    "value": {
      "depends": [
        "a17894a0-a3aa-40fc-94c3-7065148de3aa@6c48a"
      ]
    },
    "versionCode": 0
  },
  "43f0912e-9fb9-4e94-8633-242a28f99281@a7037": {
    "url": "db://assets/resources/sprAtlas.plist@a7037",
    "value": {
      "depends": [
        "a17894a0-a3aa-40fc-94c3-7065148de3aa@6c48a"
      ]
    },
    "versionCode": 0
  },
  "43f0912e-9fb9-4e94-8633-242a28f99281@640cb": {
    "url": "db://assets/resources/sprAtlas.plist@640cb",
    "value": {
      "depends": [
        "a17894a0-a3aa-40fc-94c3-7065148de3aa@6c48a"
      ]
    },
    "versionCode": 0
  },
  "43f0912e-9fb9-4e94-8633-242a28f99281@5bc67": {
    "url": "db://assets/resources/sprAtlas.plist@5bc67",
    "value": {
      "depends": [
        "a17894a0-a3aa-40fc-94c3-7065148de3aa@6c48a"
      ]
    },
    "versionCode": 0
  },
  "43f0912e-9fb9-4e94-8633-242a28f99281@cc41f": {
    "url": "db://assets/resources/sprAtlas.plist@cc41f",
    "value": {
      "depends": [
        "a17894a0-a3aa-40fc-94c3-7065148de3aa@6c48a"
      ]
    },
    "versionCode": 0
  },
  "43f0912e-9fb9-4e94-8633-242a28f99281@1417f": {
    "url": "db://assets/resources/sprAtlas.plist@1417f",
    "value": {
      "depends": [
        "a17894a0-a3aa-40fc-94c3-7065148de3aa@6c48a"
      ]
    },
    "versionCode": 0
  },
  "43f0912e-9fb9-4e94-8633-242a28f99281@2b491": {
    "url": "db://assets/resources/sprAtlas.plist@2b491",
    "value": {
      "depends": [
        "a17894a0-a3aa-40fc-94c3-7065148de3aa@6c48a"
      ]
    },
    "versionCode": 0
  },
  "3409a2d6-ba5e-47bd-8370-c44c18f13c30@f9941": {
    "url": "db://assets/texture/bg2.png@f9941",
    "value": {
      "depends": [
        "3409a2d6-ba5e-47bd-8370-c44c18f13c30@6c48a"
      ]
    },
    "versionCode": 0
  },
  "43f0912e-9fb9-4e94-8633-242a28f99281@ceeb6": {
    "url": "db://assets/resources/sprAtlas.plist@ceeb6",
    "value": {
      "depends": [
        "a17894a0-a3aa-40fc-94c3-7065148de3aa@6c48a"
      ]
    },
    "versionCode": 0
  }
}
