{
  "__type__": "cc.SpriteFrame",
  "content": {
    "name": "spr25",
    "atlas": "",
    "rect": {
      "x": 24,
      "y": 20,
      "width": 84,
      "height": 90
    },
    "offset": {
      "x": 2,
      "y": -1
    },
    "originalSize": {
      "width": 128,
      "height": 128
    },
    "rotated": false,
    "capInsets": [
      0,
      0,
      0,
      0
    ],
    "vertices": {
      "rawPosition": [
        -42,
        -45,
        0,
        42,
        -45,
        0,
        -42,
        45,
        0,
        42,
        45,
        0
      ],
      "indexes": [
        0,
        1,
        2,
        2,
        1,
        3
      ],
      "uv": [
        24,
        108,
        108,
        108,
        24,
        18,
        108,
        18
      ],
      "nuv": [
        0.1875,
        0.140625,
        0.84375,
        0.140625,
        0.1875,
        0.84375,
        0.84375,
        0.84375
      ],
      "minPos": {
        "x": -42,
        "y": -45,
        "z": 0
      },
      "maxPos": {
        "x": 42,
        "y": 45,
        "z": 0
      }
    },
    "texture": "846dbf0f-79dd-4697-bc7c-d3db43717759@6c48a",
    "packable": true,
    "pixelsToUnit": 100,
    "pivot": {
      "x": 0.5,
      "y": 0.5
    },
    "meshType": 0
  }
}