{
  "__type__": "cc.SpriteFrame",
  "content": {
    "name": "spr5",
    "atlas": "",
    "rect": {
      "x": 7,
      "y": 11,
      "width": 104,
      "height": 98
    },
    "offset": {
      "x": -5,
      "y": 4
    },
    "originalSize": {
      "width": 128,
      "height": 128
    },
    "rotated": false,
    "capInsets": [
      0,
      0,
      0,
      0
    ],
    "vertices": {
      "rawPosition": [
        -52,
        -49,
        0,
        52,
        -49,
        0,
        -52,
        49,
        0,
        52,
        49,
        0
      ],
      "indexes": [
        0,
        1,
        2,
        2,
        1,
        3
      ],
      "uv": [
        7,
        117,
        111,
        117,
        7,
        19,
        111,
        19
      ],
      "nuv": [
        0.0546875,
        0.1484375,
        0.8671875,
        0.1484375,
        0.0546875,
        0.9140625,
        0.8671875,
        0.9140625
      ],
      "minPos": {
        "x": -52,
        "y": -49,
        "z": 0
      },
      "maxPos": {
        "x": 52,
        "y": 49,
        "z": 0
      }
    },
    "texture": "f654b665-c6a5-49c9-9724-2e42ff2a3d4c@6c48a",
    "packable": true,
    "pixelsToUnit": 100,
    "pivot": {
      "x": 0.5,
      "y": 0.5
    },
    "meshType": 0
  }
}