{
  "__type__": "cc.SpriteFrame",
  "content": {
    "name": "spr29",
    "atlas": "",
    "rect": {
      "x": 23,
      "y": 20,
      "width": 70,
      "height": 73
    },
    "offset": {
      "x": -6,
      "y": 7.5
    },
    "originalSize": {
      "width": 128,
      "height": 128
    },
    "rotated": false,
    "capInsets": [
      0,
      0,
      0,
      0
    ],
    "vertices": {
      "rawPosition": [
        -35,
        -36.5,
        0,
        35,
        -36.5,
        0,
        -35,
        36.5,
        0,
        35,
        36.5,
        0
      ],
      "indexes": [
        0,
        1,
        2,
        2,
        1,
        3
      ],
      "uv": [
        23,
        108,
        93,
        108,
        23,
        35,
        93,
        35
      ],
      "nuv": [
        0.1796875,
        0.2734375,
        0.7265625,
        0.2734375,
        0.1796875,
        0.84375,
        0.7265625,
        0.84375
      ],
      "minPos": {
        "x": -35,
        "y": -36.5,
        "z": 0
      },
      "maxPos": {
        "x": 35,
        "y": 36.5,
        "z": 0
      }
    },
    "texture": "01e709e5-6ac3-406d-a9de-8446de4bae7e@6c48a",
    "packable": true,
    "pixelsToUnit": 100,
    "pivot": {
      "x": 0.5,
      "y": 0.5
    },
    "meshType": 0
  }
}