{
  "__type__": "cc.SpriteFrame",
  "content": {
    "name": "spr42",
    "atlas": "",
    "rect": {
      "x": 33,
      "y": 33,
      "width": 61,
      "height": 63
    },
    "offset": {
      "x": -0.5,
      "y": -0.5
    },
    "originalSize": {
      "width": 128,
      "height": 128
    },
    "rotated": false,
    "capInsets": [
      0,
      0,
      0,
      0
    ],
    "vertices": {
      "rawPosition": [
        -30.5,
        -31.5,
        0,
        30.5,
        -31.5,
        0,
        -30.5,
        31.5,
        0,
        30.5,
        31.5,
        0
      ],
      "indexes": [
        0,
        1,
        2,
        2,
        1,
        3
      ],
      "uv": [
        33,
        95,
        94,
        95,
        33,
        32,
        94,
        32
      ],
      "nuv": [
        0.2578125,
        0.25,
        0.734375,
        0.25,
        0.2578125,
        0.7421875,
        0.734375,
        0.7421875
      ],
      "minPos": {
        "x": -30.5,
        "y": -31.5,
        "z": 0
      },
      "maxPos": {
        "x": 30.5,
        "y": 31.5,
        "z": 0
      }
    },
    "texture": "41b19144-3d25-41e6-ae3a-fe127673ac1e@6c48a",
    "packable": true,
    "pixelsToUnit": 100,
    "pivot": {
      "x": 0.5,
      "y": 0.5
    },
    "meshType": 0
  }
}