{
  "__type__": "cc.SpriteFrame",
  "content": {
    "name": "sprAtlas",
    "atlas": "",
    "rect": {
      "x": 0,
      "y": 3,
      "width": 499,
      "height": 1399
    },
    "offset": {
      "x": -6.5,
      "y": 1.5
    },
    "originalSize": {
      "width": 512,
      "height": 1408
    },
    "rotated": false,
    "capInsets": [
      0,
      0,
      0,
      0
    ],
    "vertices": {
      "rawPosition": [
        -249.5,
        -699.5,
        0,
        249.5,
        -699.5,
        0,
        -249.5,
        699.5,
        0,
        249.5,
        699.5,
        0
      ],
      "indexes": [
        0,
        1,
        2,
        2,
        1,
        3
      ],
      "uv": [
        0,
        1405,
        499,
        1405,
        0,
        6,
        499,
        6
      ],
      "nuv": [
        0,
        0.004261363636363636,
        0.974609375,
        0.004261363636363636,
        0,
        0.9978693181818182,
        0.974609375,
        0.9978693181818182
      ],
      "minPos": {
        "x": -249.5,
        "y": -699.5,
        "z": 0
      },
      "maxPos": {
        "x": 249.5,
        "y": 699.5,
        "z": 0
      }
    },
    "texture": "a17894a0-a3aa-40fc-94c3-7065148de3aa@6c48a",
    "packable": true,
    "pixelsToUnit": 100,
    "pivot": {
      "x": 0.5,
      "y": 0.5
    },
    "meshType": 0
  }
}